;Table name:Dust_properties
;MariaDB types
;INT NOT NULL : ObjID,ID
;FLOAT NOT NULL DEFAULT -99.0 : Tdust1,Opacity1,Mdust1,Mtot1,Lambda2,Tdust2,Opacity2,Mdust2,Mtot2,Lambda3,Tdust3,Opacity3,Mdust3,Mtot3,Lambda4,Tdust4,Opacity4,Mdust4,Mtot4
;VARCHAR(255) NOT NULL DEFAULT 'N.A.' : Pub_Dust1,Pub_Dust2,Pub_Dust3,Pub_Dust4
;VARCHAR(30) NOT NULL DEFAULT 'N.A.' : Beam1,Beam2,Beam3,Beam4,Lambda1
;CONSTRAINT PRIMARY KEY (ObjID)
;CONSTRAINT FOREIGN KEY (ID) REFERENCES Identity(ID) ON DELETE CASCADE
;ObjID,Lambda1,Beam1,Tdust1,Opacity1,Mdust1,Mtot1,Pub_Dust1,Lambda2,Beam2,Tdust2,Opacity2,Mdust2,Mtot2,Pub_Dust2,Lambda3,Beam3,Tdust3,Opacity3,Mdust3,Mtot3,Pub_Dust3,Lambda4,Beam4,Tdust4,Opacity4,Mdust4,Mtot4,Pub_Dust4,ID
3,None,N.A.,24.0,-99.0,5.099E-4,0.05099,Palau et al 2014/SED,-99.0,-99.,-99.0,-99.0,-99.0,-99.0,N.A.,-99.0,-99.,-99.0,-99.0,-99.0,-99.0,N.A.,-99.0,-99.0,-99.0,-99.0,-99.0,-99.0,N.A.,3
173,None,N.A.,16.0,-99.0,0.0058,0.58,Hirano2014/SED,-99.0,-99.,-99.0,-99.0,-99.0,-99.0,N.A.,-99.0,-99.,-99.0,-99.0,-99.0,-99.0,N.A.,-99.0,-99.0,-99.0,-99.0,-99.0,-99.0,N.A.,173
174,None,N.A.,18.0,-99.0,0.0058,0.58,Hirano2014/SED,-99.0,-99.,-99.0,-99.0,-99.0,-99.0,N.A.,-99.0,-99.,-99.0,-99.0,-99.0,-99.0,N.A.,-99.0,-99.0,-99.0,-99.0,-99.0,-99.0,N.A.,174
202,None,N.A.,34.0,-99.0,1.9E-5,0.0019,DangDuc et al 2016/SED,-99.0,-99.,-99.0,-99.0,-99.0,-99.0,N.A.,-99.0,-99.,-99.0,-99.0,-99.0,-99.0,N.A.,-99.0,-99.0,-99.0,-99.0,-99.0,-99.0,N.A.,202
204,None,N.A.,24.0,-99.0,0.0058,0.58,Hogerheijde et al 2000/Model_Envelope,-99.0,-99.,-99.0,-99.0,-99.0,-99.0,N.A.,-99.0,-99.,-99.0,-99.0,-99.0,-99.0,N.A.,-99.0,-99.0,-99.0,-99.0,-99.0,-99.0,N.A.,204
205,None,N.A.,20.0,0.009,0.005,0.5,Kristensen2012/Model_Envelope,1300.0,0.49x0.48,20.0,0.009,7.8E-5,0.0078,Yen et al 2017,-99.0,-99.,-99.0,-99.0,-99.0,-99.0,N.A.,-99.0,-99.0,-99.0,-99.0,-99.0,-99.0,N.A.,205
325,None,N.A.,40.0,-99.0,0.0027,0.27,Kawabe et al 2018/SED,3000.0,3.5x1.8,15.0,0.0023,0.0027,0.27,Kirk et al 2017,850.0,14.,20.0,0.0175,0.027,2.7,Johnstone et al 2000,-99.0,-99.0,-99.0,-99.0,-99.0,-99.0,N.A.,325
326,None,N.A.,20.0,-99.0,3.9E-4,0.039,Kawabe et al 2018/SED,3000.0,3.5x1.8,15.0,0.0023,7.0E-4,0.07,Kirk et al 2017,-99.0,-99.,-99.0,-99.0,-99.0,-99.0,N.A.,-99.0,-99.0,-99.0,-99.0,-99.0,-99.0,N.A.,326
0,250.0,18,15.0,0.19,0.0012,0.122,Kim et al 2016,1100.0,31,10.0,0.0114,0.0075,0.75,Enoch et al 2006,-99.0,-99.,-99.0,-99.0,-99.0,-99.0,N.A.,-99.0,-99.0,-99.0,-99.0,-99.0,-99.0,N.A.,0
1,250.0,18,12.3,0.19,0.0015,0.1545,Kim et al 2016,1100.0,31,10.0,0.0114,0.00946,0.946,Enoch et al 2006,-99.0,-99.,-99.0,-99.0,-99.0,-99.0,N.A.,-99.0,-99.0,-99.0,-99.0,-99.0,-99.0,N.A.,1
2,250.0,18,12.6,0.19,0.00436,0.436,Kim et al 2016,1100.0,31,10.0,0.0114,0.026,2.6,Enoch et al 2006,-99.0,-99.,-99.0,-99.0,-99.0,-99.0,N.A.,-99.0,-99.0,-99.0,-99.0,-99.0,-99.0,N.A.,2
4,250.0,18,16.0,0.19,2.0E-4,0.02,Kim et al 2016,-99.0,-99.,-99.0,-99.0,-99.0,-99.0,N.A.,-99.0,-99.,-99.0,-99.0,-99.0,-99.0,N.A.,-99.0,-99.0,-99.0,-99.0,-99.0,-99.0,N.A.,4
5,250.0,18,18.5,0.19,2.0E-4,0.02,Kim et al 2016,-99.0,-99.,-99.0,-99.0,-99.0,-99.0,N.A.,-99.0,-99.,-99.0,-99.0,-99.0,-99.0,N.A.,-99.0,-99.0,-99.0,-99.0,-99.0,-99.0,N.A.,5
6,250.0,18,10.2,0.19,2.0E-5,0.002,Kim et al 2016,-99.0,-99.,-99.0,-99.0,-99.0,-99.0,N.A.,-99.0,-99.,-99.0,-99.0,-99.0,-99.0,N.A.,-99.0,-99.0,-99.0,-99.0,-99.0,-99.0,N.A.,6
7,250.0,18,14.4,0.19,5.0E-4,0.05,Kim et al 2016,-99.0,-99.,-99.0,-99.0,-99.0,-99.0,N.A.,-99.0,-99.,-99.0,-99.0,-99.0,-99.0,N.A.,-99.0,-99.0,-99.0,-99.0,-99.0,-99.0,N.A.,7
8,250.0,18,17.7,0.19,0.004,0.4,Kim et al 2016,1300.0,4.8x4.4,10.0,0.0899,0.0065,0.65,Takahashi et al 2013,-99.0,-99.,-99.0,-99.0,-99.0,-99.0,N.A.,-99.0,-99.0,-99.0,-99.0,-99.0,-99.0,N.A.,8
9,250.0,18,12.7,0.19,0.003,0.3,Kim et al 2016,-99.0,-99.,-99.0,-99.0,-99.0,-99.0,N.A.,-99.0,-99.,-99.0,-99.0,-99.0,-99.0,N.A.,-99.0,-99.0,-99.0,-99.0,-99.0,-99.0,N.A.,9
11,250.0,18,18.0,0.19,7.55E-4,0.0755,Kim et al 2016,1200.0,24,20.0,0.005,0.0027,0.27,Stanke et al 2006,1300.0,1.12x0.73,20.0,0.009,5.0E-5,0.005,Yen et al. 2017,-99.0,-99.0,-99.0,-99.0,-99.0,-99.0,N.A.,11
12,250.0,18,13.4,0.19,0.0059,0.59,Kim et al 2016,-99.0,-99.,-99.0,-99.0,-99.0,-99.0,N.A.,-99.0,-99.,-99.0,-99.0,-99.0,-99.0,N.A.,-99.0,-99.0,-99.0,-99.0,-99.0,-99.0,N.A.,12
13,250.0,18,10.0,0.19,0.009,0.9,Kim et al 2016,350.0,-99.,10.0,-99.0,0.009,0.9,Lee et al 2013,-99.0,-99.,-99.0,-99.0,-99.0,-99.0,N.A.,-99.0,-99.0,-99.0,-99.0,-99.0,-99.0,N.A.,13
14,250.0,18,32.7,0.19,8.8E-5,0.0088,Kim et al 2016,-99.0,-99.,-99.0,-99.0,-99.0,-99.0,N.A.,-99.0,-99.,-99.0,-99.0,-99.0,-99.0,N.A.,-99.0,-99.0,-99.0,-99.0,-99.0,-99.0,N.A.,14
15,250.0,18,10.0,0.19,0.00237,0.237,Kim et al 2016,-99.0,-99.,-99.0,-99.0,-99.0,-99.0,N.A.,-99.0,-99.,-99.0,-99.0,-99.0,-99.0,N.A.,-99.0,-99.0,-99.0,-99.0,-99.0,-99.0,N.A.,15
16,250.0,18,15.0,0.19,0.00868,0.868,Kim et al 2016,-99.0,-99.,-99.0,-99.0,-99.0,-99.0,N.A.,-99.0,-99.,-99.0,-99.0,-99.0,-99.0,N.A.,-99.0,-99.0,-99.0,-99.0,-99.0,-99.0,N.A.,16
17,250.0,18,11.2,0.19,0.002,0.2,Kim et al 2016,-99.0,-99.,-99.0,-99.0,-99.0,-99.0,N.A.,-99.0,-99.,-99.0,-99.0,-99.0,-99.0,N.A.,-99.0,-99.0,-99.0,-99.0,-99.0,-99.0,N.A.,17
18,250.0,18,20.6,0.19,1.2E-4,0.012,Kim et al 2016,-99.0,-99.,-99.0,-99.0,-99.0,-99.0,N.A.,-99.0,-99.,-99.0,-99.0,-99.0,-99.0,N.A.,-99.0,-99.0,-99.0,-99.0,-99.0,-99.0,N.A.,18
19,250.0,18,10.8,0.19,0.0015,0.15,Kim et al 2016,-99.0,-99.,-99.0,-99.0,-99.0,-99.0,N.A.,-99.0,-99.,-99.0,-99.0,-99.0,-99.0,N.A.,-99.0,-99.0,-99.0,-99.0,-99.0,-99.0,N.A.,19
20,250.0,18,15.8,0.19,0.0018,0.18,Kim et al 2016,-99.0,-99.,-99.0,-99.0,-99.0,-99.0,N.A.,-99.0,-99.,-99.0,-99.0,-99.0,-99.0,N.A.,-99.0,-99.0,-99.0,-99.0,-99.0,-99.0,N.A.,20
21,250.0,18,16.0,0.19,3.4E-4,0.034,Kim et al 2016,-99.0,-99.,-99.0,-99.0,-99.0,-99.0,N.A.,-99.0,-99.,-99.0,-99.0,-99.0,-99.0,N.A.,-99.0,-99.0,-99.0,-99.0,-99.0,-99.0,N.A.,21
22,250.0,18,12.0,0.19,0.0178,1.78,Kim et al 2016,-99.0,-99.,-99.0,-99.0,-99.0,-99.0,N.A.,-99.0,-99.,-99.0,-99.0,-99.0,-99.0,N.A.,-99.0,-99.0,-99.0,-99.0,-99.0,-99.0,N.A.,22
23,250.0,18,16.3,0.19,0.0024,0.24,Kim et al 2016,-99.0,-99.,-99.0,-99.0,-99.0,-99.0,N.A.,-99.0,-99.,-99.0,-99.0,-99.0,-99.0,N.A.,-99.0,-99.0,-99.0,-99.0,-99.0,-99.0,N.A.,23
24,250.0,18,19.2,0.19,0.00118,0.118,Kim et al 2016,-99.0,-99.,-99.0,-99.0,-99.0,-99.0,N.A.,-99.0,-99.,-99.0,-99.0,-99.0,-99.0,N.A.,-99.0,-99.0,-99.0,-99.0,-99.0,-99.0,N.A.,24
25,250.0,18,16.4,0.19,0.001174,0.117,Kim et al 2016,-99.0,-99.,-99.0,-99.0,-99.0,-99.0,N.A.,-99.0,-99.,-99.0,-99.0,-99.0,-99.0,N.A.,-99.0,-99.0,-99.0,-99.0,-99.0,-99.0,N.A.,25
26,250.0,18,10.6,0.19,0.0114,1.14,Kim et al 2016,-99.0,-99.,-99.0,-99.0,-99.0,-99.0,N.A.,-99.0,-99.,-99.0,-99.0,-99.0,-99.0,N.A.,-99.0,-99.0,-99.0,-99.0,-99.0,-99.0,N.A.,26
27,250.0,18,24.3,0.19,9.0E-6,9.0E-4,Kim et al 2016,-99.0,-99.,-99.0,-99.0,-99.0,-99.0,N.A.,-99.0,-99.,-99.0,-99.0,-99.0,-99.0,N.A.,-99.0,-99.0,-99.0,-99.0,-99.0,-99.0,N.A.,27
28,250.0,18,10.0,0.19,0.00938,0.938,Kim et al 2016,-99.0,-99.,-99.0,-99.0,-99.0,-99.0,N.A.,-99.0,-99.,-99.0,-99.0,-99.0,-99.0,N.A.,-99.0,-99.0,-99.0,-99.0,-99.0,-99.0,N.A.,28
29,250.0,18,14.7,0.19,0.0028,0.28,Kim et al 2016,-99.0,-99.,-99.0,-99.0,-99.0,-99.0,N.A.,-99.0,-99.,-99.0,-99.0,-99.0,-99.0,N.A.,-99.0,-99.0,-99.0,-99.0,-99.0,-99.0,N.A.,29
30,250.0,18,17.9,0.19,0.00159,0.159,Kim et al 2016,-99.0,-99.,-99.0,-99.0,-99.0,-99.0,N.A.,-99.0,-99.,-99.0,-99.0,-99.0,-99.0,N.A.,-99.0,-99.0,-99.0,-99.0,-99.0,-99.0,N.A.,30
31,250.0,18,11.2,0.19,2.2E-4,0.022,Kim et al 2016,-99.0,-99.,-99.0,-99.0,-99.0,-99.0,N.A.,-99.0,-99.,-99.0,-99.0,-99.0,-99.0,N.A.,-99.0,-99.0,-99.0,-99.0,-99.0,-99.0,N.A.,31
32,250.0,18,14.6,0.19,0.00494,0.494,Kim et al 2016,-99.0,-99.,-99.0,-99.0,-99.0,-99.0,N.A.,-99.0,-99.,-99.0,-99.0,-99.0,-99.0,N.A.,-99.0,-99.0,-99.0,-99.0,-99.0,-99.0,N.A.,32
33,250.0,18,10.0,0.19,0.004,0.4,Kim et al 2016,-99.0,-99.,-99.0,-99.0,-99.0,-99.0,N.A.,-99.0,-99.,-99.0,-99.0,-99.0,-99.0,N.A.,-99.0,-99.0,-99.0,-99.0,-99.0,-99.0,N.A.,33
34,250.0,18,14.2,0.19,1.0E-4,0.1,Kim et al 2016,1200.0,11,15.0,0.0102,0.00184,0.184,Kauffmann et al 2008,-99.0,-99.,-99.0,-99.0,-99.0,-99.0,N.A.,-99.0,-99.0,-99.0,-99.0,-99.0,-99.0,N.A.,34
35,250.0,18,10.7,0.19,5.8E-4,0.58,Kim et al 2016,1200.0,11,15.0,0.0102,0.00147,0.147,Kauffmann et al 2008,-99.0,-99.,-99.0,-99.0,-99.0,-99.0,N.A.,-99.0,-99.0,-99.0,-99.0,-99.0,-99.0,N.A.,35
37,250.0,18,22.8,0.19,1.0E-4,0.01,Kim et al 2016,-99.0,-99.,-99.0,-99.0,-99.0,-99.0,N.A.,-99.0,-99.,-99.0,-99.0,-99.0,-99.0,N.A.,-99.0,-99.0,-99.0,-99.0,-99.0,-99.0,N.A.,37
38,250.0,18,13.2,0.19,0.007,0.7,Kim et al 2016,-99.0,-99.,-99.0,-99.0,-99.0,-99.0,N.A.,-99.0,-99.,-99.0,-99.0,-99.0,-99.0,N.A.,-99.0,-99.0,-99.0,-99.0,-99.0,-99.0,N.A.,38
39,250.0,18,13.9,0.19,0.0074,0.74,Kim et al 2016,-99.0,-99.,-99.0,-99.0,-99.0,-99.0,N.A.,-99.0,-99.,-99.0,-99.0,-99.0,-99.0,N.A.,-99.0,-99.0,-99.0,-99.0,-99.0,-99.0,N.A.,39
40,250.0,18,19.4,0.19,1.579E-4,0.01579,Kim et al 2016,-99.0,-99.,-99.0,-99.0,-99.0,-99.0,N.A.,-99.0,-99.,-99.0,-99.0,-99.0,-99.0,N.A.,-99.0,-99.0,-99.0,-99.0,-99.0,-99.0,N.A.,40
41,250.0,18,14.4,0.19,8.58E-4,0.0858,Kim et al 2016,-99.0,-99.,-99.0,-99.0,-99.0,-99.0,N.A.,-99.0,-99.,-99.0,-99.0,-99.0,-99.0,N.A.,-99.0,-99.0,-99.0,-99.0,-99.0,-99.0,N.A.,41
42,250.0,18,25.9,0.19,2.0E-4,0.02,Kim et al 2016,-99.0,-99.,-99.0,-99.0,-99.0,-99.0,N.A.,-99.0,-99.,-99.0,-99.0,-99.0,-99.0,N.A.,-99.0,-99.0,-99.0,-99.0,-99.0,-99.0,N.A.,42
43,250.0,18,15.2,0.19,0.002,0.2,Kim et al 2016,1200.0,11,15.0,0.0102,0.07,7.0,Kauffman et al 2008,-99.0,-99.,-99.0,-99.0,-99.0,-99.0,N.A.,-99.0,-99.0,-99.0,-99.0,-99.0,-99.0,N.A.,43
44,250.0,18,16.0,0.19,1.0E-4,0.01,Kim et al 2016,-99.0,-99.,-99.0,-99.0,-99.0,-99.0,N.A.,-99.0,-99.,-99.0,-99.0,-99.0,-99.0,N.A.,-99.0,-99.0,-99.0,-99.0,-99.0,-99.0,N.A.,44
45,250.0,18,16.0,0.19,1.0E-5,0.001,Kim et al 2016,-99.0,-99.,-99.0,-99.0,-99.0,-99.0,N.A.,-99.0,-99.,-99.0,-99.0,-99.0,-99.0,N.A.,-99.0,-99.0,-99.0,-99.0,-99.0,-99.0,N.A.,45
46,250.0,18,16.0,0.19,0.001,0.1,Kim et al 2016,-99.0,-99.,-99.0,-99.0,-99.0,-99.0,N.A.,-99.0,-99.,-99.0,-99.0,-99.0,-99.0,N.A.,-99.0,-99.0,-99.0,-99.0,-99.0,-99.0,N.A.,46
47,250.0,18,16.0,0.19,1.0E-5,0.001,Kim et al 2016,-99.0,-99.,-99.0,-99.0,-99.0,-99.0,N.A.,-99.0,-99.,-99.0,-99.0,-99.0,-99.0,N.A.,-99.0,-99.0,-99.0,-99.0,-99.0,-99.0,N.A.,47
48,250.0,18,19.6,0.19,0.001,0.1,Kim et al 2016,-99.0,-99.,-99.0,-99.0,-99.0,-99.0,N.A.,-99.0,-99.,-99.0,-99.0,-99.0,-99.0,N.A.,-99.0,-99.0,-99.0,-99.0,-99.0,-99.0,N.A.,48
49,250.0,18,10.5,0.19,4.0E-5,0.004,Kim et al 2016,-99.0,-99.,-99.0,-99.0,-99.0,-99.0,N.A.,-99.0,-99.,-99.0,-99.0,-99.0,-99.0,N.A.,-99.0,-99.0,-99.0,-99.0,-99.0,-99.0,N.A.,49
50,250.0,18,22.5,0.19,1.0E-5,0.001,Kim et al 2016,-99.0,-99.,-99.0,-99.0,-99.0,-99.0,N.A.,-99.0,-99.,-99.0,-99.0,-99.0,-99.0,N.A.,-99.0,-99.0,-99.0,-99.0,-99.0,-99.0,N.A.,50
51,250.0,18,39.8,0.19,1.0E-6,1.0E-4,Kim et al 2016,-99.0,-99.,-99.0,-99.0,-99.0,-99.0,N.A.,-99.0,-99.,-99.0,-99.0,-99.0,-99.0,N.A.,-99.0,-99.0,-99.0,-99.0,-99.0,-99.0,N.A.,51
52,250.0,18,26.4,0.19,0.003,0.3,Kim et al 2016,-99.0,-99.,-99.0,-99.0,-99.0,-99.0,N.A.,-99.0,-99.,-99.0,-99.0,-99.0,-99.0,N.A.,-99.0,-99.0,-99.0,-99.0,-99.0,-99.0,N.A.,52
53,250.0,18,38.8,0.19,1.0E-4,0.01,Kim et al 2016,-99.0,-99.,-99.0,-99.0,-99.0,-99.0,N.A.,-99.0,-99.,-99.0,-99.0,-99.0,-99.0,N.A.,-99.0,-99.0,-99.0,-99.0,-99.0,-99.0,N.A.,53
54,250.0,18,21.6,0.19,3.0E-5,0.003,Kim et al 2016,-99.0,-99.,-99.0,-99.0,-99.0,-99.0,N.A.,-99.0,-99.,-99.0,-99.0,-99.0,-99.0,N.A.,-99.0,-99.0,-99.0,-99.0,-99.0,-99.0,N.A.,54
55,250.0,18,22.5,0.19,0.002,0.2,Kim et al 2016,-99.0,-99.,-99.0,-99.0,-99.0,-99.0,N.A.,-99.0,-99.,-99.0,-99.0,-99.0,-99.0,N.A.,-99.0,-99.0,-99.0,-99.0,-99.0,-99.0,N.A.,55
56,250.0,18,19.5,0.19,0.001,0.1,Kim et al 2016,-99.0,-99.,-99.0,-99.0,-99.0,-99.0,N.A.,-99.0,-99.,-99.0,-99.0,-99.0,-99.0,N.A.,-99.0,-99.0,-99.0,-99.0,-99.0,-99.0,N.A.,56
57,250.0,18,11.7,0.19,5.0E-4,0.05,Kim et al 2016,-99.0,-99.,-99.0,-99.0,-99.0,-99.0,N.A.,-99.0,-99.,-99.0,-99.0,-99.0,-99.0,N.A.,-99.0,-99.0,-99.0,-99.0,-99.0,-99.0,N.A.,57
58,250.0,18,13.8,0.19,1.0E-5,0.001,Kim et al 2016,-99.0,-99.,-99.0,-99.0,-99.0,-99.0,N.A.,-99.0,-99.,-99.0,-99.0,-99.0,-99.0,N.A.,-99.0,-99.0,-99.0,-99.0,-99.0,-99.0,N.A.,58
59,250.0,18,16.0,0.19,4.16E-5,0.00416,Kim et al 2016,-99.0,-99.,-99.0,-99.0,-99.0,-99.0,N.A.,-99.0,-99.,-99.0,-99.0,-99.0,-99.0,N.A.,-99.0,-99.0,-99.0,-99.0,-99.0,-99.0,N.A.,59
60,250.0,18,39.9,0.19,1.76E-6,1.76E-4,Kim et al 2016,-99.0,-99.,-99.0,-99.0,-99.0,-99.0,N.A.,-99.0,-99.,-99.0,-99.0,-99.0,-99.0,N.A.,-99.0,-99.0,-99.0,-99.0,-99.0,-99.0,N.A.,60
61,250.0,18,14.7,0.19,4.0E-4,0.04,Kim et al 2016,-99.0,-99.,-99.0,-99.0,-99.0,-99.0,N.A.,-99.0,-99.,-99.0,-99.0,-99.0,-99.0,N.A.,-99.0,-99.0,-99.0,-99.0,-99.0,-99.0,N.A.,61
62,250.0,18,10.6,0.19,0.004,0.4,Kim et al 2016,-99.0,-99.,-99.0,-99.0,-99.0,-99.0,N.A.,-99.0,-99.,-99.0,-99.0,-99.0,-99.0,N.A.,-99.0,-99.0,-99.0,-99.0,-99.0,-99.0,N.A.,62
63,250.0,18,39.9,0.19,1.5E-5,0.0015,Kim et al 2016,-99.0,-99.,-99.0,-99.0,-99.0,-99.0,N.A.,-99.0,-99.,-99.0,-99.0,-99.0,-99.0,N.A.,-99.0,-99.0,-99.0,-99.0,-99.0,-99.0,N.A.,63
64,250.0,18,16.0,0.19,6.0E-6,6.7E-4,Kim et al 2016,-99.0,-99.,-99.0,-99.0,-99.0,-99.0,N.A.,-99.0,-99.,-99.0,-99.0,-99.0,-99.0,N.A.,-99.0,-99.0,-99.0,-99.0,-99.0,-99.0,N.A.,64
65,250.0,18,20.6,0.19,7.0E-5,0.007,Kim et al 2016,-99.0,-99.,-99.0,-99.0,-99.0,-99.0,N.A.,-99.0,-99.,-99.0,-99.0,-99.0,-99.0,N.A.,-99.0,-99.0,-99.0,-99.0,-99.0,-99.0,N.A.,65
66,250.0,18,16.0,0.19,6.7E-6,6.7E-4,Kim et al 2016,-99.0,-99.,-99.0,-99.0,-99.0,-99.0,N.A.,-99.0,-99.,-99.0,-99.0,-99.0,-99.0,N.A.,-99.0,-99.0,-99.0,-99.0,-99.0,-99.0,N.A.,66
68,250.0,18,10.0,0.19,0.00166,0.166,Kim et al 2016,-99.0,-99.,-99.0,-99.0,-99.0,-99.0,N.A.,-99.0,-99.,-99.0,-99.0,-99.0,-99.0,N.A.,-99.0,-99.0,-99.0,-99.0,-99.0,-99.0,N.A.,68
70,250.0,18,27.0,0.19,1.68E-5,0.00168,Kim et al 2016,-99.0,-99.,-99.0,-99.0,-99.0,-99.0,N.A.,-99.0,-99.,-99.0,-99.0,-99.0,-99.0,N.A.,-99.0,-99.0,-99.0,-99.0,-99.0,-99.0,N.A.,70
71,250.0,18,18.8,0.19,0.00111,0.111,Kim et al 2016,-99.0,-99.,-99.0,-99.0,-99.0,-99.0,N.A.,-99.0,-99.,-99.0,-99.0,-99.0,-99.0,N.A.,-99.0,-99.0,-99.0,-99.0,-99.0,-99.0,N.A.,71
72,250.0,18,16.0,0.19,7.6E-5,0.0076,Kim et al 2016,-99.0,-99.,-99.0,-99.0,-99.0,-99.0,N.A.,-99.0,-99.,-99.0,-99.0,-99.0,-99.0,N.A.,-99.0,-99.0,-99.0,-99.0,-99.0,-99.0,N.A.,72
74,250.0,18,17.8,0.19,6.78E-4,0.0678,Kim et al 2016,-99.0,-99.,-99.0,-99.0,-99.0,-99.0,N.A.,-99.0,-99.,-99.0,-99.0,-99.0,-99.0,N.A.,-99.0,-99.0,-99.0,-99.0,-99.0,-99.0,N.A.,74
75,250.0,18,13.7,0.19,3.0E-4,0.03,Kim et al 2016,-99.0,-99.,-99.0,-99.0,-99.0,-99.0,N.A.,-99.0,-99.,-99.0,-99.0,-99.0,-99.0,N.A.,-99.0,-99.0,-99.0,-99.0,-99.0,-99.0,N.A.,75
76,250.0,18,22.4,0.19,1.0E-4,0.01,Kim et al 2016,-99.0,-99.,-99.0,-99.0,-99.0,-99.0,N.A.,-99.0,-99.,-99.0,-99.0,-99.0,-99.0,N.A.,-99.0,-99.0,-99.0,-99.0,-99.0,-99.0,N.A.,76
78,250.0,18,16.0,0.19,3.0E-5,0.003,Kim et al 2016,-99.0,-99.,-99.0,-99.0,-99.0,-99.0,N.A.,-99.0,-99.,-99.0,-99.0,-99.0,-99.0,N.A.,-99.0,-99.0,-99.0,-99.0,-99.0,-99.0,N.A.,78
79,250.0,18,16.0,0.19,1.0E-5,0.001,Kim et al 2016,-99.0,-99.,-99.0,-99.0,-99.0,-99.0,N.A.,-99.0,-99.,-99.0,-99.0,-99.0,-99.0,N.A.,-99.0,-99.0,-99.0,-99.0,-99.0,-99.0,N.A.,79
80,250.0,18,21.1,0.19,0.001,0.1,Kim et al 2016,-99.0,-99.,-99.0,-99.0,-99.0,-99.0,N.A.,-99.0,-99.,-99.0,-99.0,-99.0,-99.0,N.A.,-99.0,-99.0,-99.0,-99.0,-99.0,-99.0,N.A.,80
81,250.0,18,29.3,0.19,2.0E-4,0.02,Kim et al 2016,-99.0,-99.,-99.0,-99.0,-99.0,-99.0,N.A.,-99.0,-99.,-99.0,-99.0,-99.0,-99.0,N.A.,-99.0,-99.0,-99.0,-99.0,-99.0,-99.0,N.A.,81
82,250.0,18,25.5,0.19,3.0E-4,0.03,Kim et al 2016,-99.0,-99.,-99.0,-99.0,-99.0,-99.0,N.A.,-99.0,-99.,-99.0,-99.0,-99.0,-99.0,N.A.,-99.0,-99.0,-99.0,-99.0,-99.0,-99.0,N.A.,82
83,250.0,18,29.0,0.19,2.0E-5,0.002,Kim et al 2016,-99.0,-99.,-99.0,-99.0,-99.0,-99.0,N.A.,-99.0,-99.,-99.0,-99.0,-99.0,-99.0,N.A.,-99.0,-99.0,-99.0,-99.0,-99.0,-99.0,N.A.,83
84,250.0,18,19.4,0.19,1.28E-5,0.00128,Kim et al 2016,-99.0,-99.,-99.0,-99.0,-99.0,-99.0,N.A.,-99.0,-99.,-99.0,-99.0,-99.0,-99.0,N.A.,-99.0,-99.0,-99.0,-99.0,-99.0,-99.0,N.A.,84
85,250.0,18,16.0,0.19,4.2E-5,0.0042,Kim et al 2016,-99.0,-99.,-99.0,-99.0,-99.0,-99.0,N.A.,-99.0,-99.,-99.0,-99.0,-99.0,-99.0,N.A.,-99.0,-99.0,-99.0,-99.0,-99.0,-99.0,N.A.,85
86,250.0,18,32.0,0.19,1.0E-6,1.0E-4,Kim et al 2016,-99.0,-99.,-99.0,-99.0,-99.0,-99.0,N.A.,-99.0,-99.,-99.0,-99.0,-99.0,-99.0,N.A.,-99.0,-99.0,-99.0,-99.0,-99.0,-99.0,N.A.,86
87,250.0,18,32.0,0.19,1.0E-6,1.0E-4,Kim et al 2016,-99.0,-99.,-99.0,-99.0,-99.0,-99.0,N.A.,-99.0,-99.,-99.0,-99.0,-99.0,-99.0,N.A.,-99.0,-99.0,-99.0,-99.0,-99.0,-99.0,N.A.,87
88,250.0,18,14.1,0.19,3.0E-6,3.0E-4,Kim et al 2016,-99.0,-99.,-99.0,-99.0,-99.0,-99.0,N.A.,-99.0,-99.,-99.0,-99.0,-99.0,-99.0,N.A.,-99.0,-99.0,-99.0,-99.0,-99.0,-99.0,N.A.,88
89,250.0,18,16.0,0.19,1.0E-6,1.0E-4,Kim et al 2016,-99.0,-99.,-99.0,-99.0,-99.0,-99.0,N.A.,-99.0,-99.,-99.0,-99.0,-99.0,-99.0,N.A.,-99.0,-99.0,-99.0,-99.0,-99.0,-99.0,N.A.,89
90,250.0,18,27.8,0.19,2.0E-6,2.0E-4,Kim et al 2016,-99.0,-99.,-99.0,-99.0,-99.0,-99.0,N.A.,-99.0,-99.,-99.0,-99.0,-99.0,-99.0,N.A.,-99.0,-99.0,-99.0,-99.0,-99.0,-99.0,N.A.,90
91,250.0,18,16.0,0.19,1.0E-4,0.01,Kim et al 2016,-99.0,-99.,-99.0,-99.0,-99.0,-99.0,N.A.,-99.0,-99.,-99.0,-99.0,-99.0,-99.0,N.A.,-99.0,-99.0,-99.0,-99.0,-99.0,-99.0,N.A.,91
92,250.0,18,16.0,0.19,1.0E-5,0.001,Kim et al 2016,-99.0,-99.,-99.0,-99.0,-99.0,-99.0,N.A.,-99.0,-99.,-99.0,-99.0,-99.0,-99.0,N.A.,-99.0,-99.0,-99.0,-99.0,-99.0,-99.0,N.A.,92
93,250.0,18,18.2,0.19,1.0E-4,0.01,Kim et al 2016,-99.0,-99.,-99.0,-99.0,-99.0,-99.0,N.A.,-99.0,-99.,-99.0,-99.0,-99.0,-99.0,N.A.,-99.0,-99.0,-99.0,-99.0,-99.0,-99.0,N.A.,93
94,250.0,18,38.1,0.19,2.07E-6,2.07E-4,Kim et al 2016,-99.0,-99.,-99.0,-99.0,-99.0,-99.0,N.A.,-99.0,-99.,-99.0,-99.0,-99.0,-99.0,N.A.,-99.0,-99.0,-99.0,-99.0,-99.0,-99.0,N.A.,94
317,250.0,18,22.8,0.19,1.0E-4,0.01,Kim et al 2016,-99.0,-99.,-99.0,-99.0,-99.0,-99.0,N.A.,-99.0,-99.,-99.0,-99.0,-99.0,-99.0,N.A.,-99.0,-99.0,-99.0,-99.0,-99.0,-99.0,N.A.,317
96,350.0,8.5,9.5,0.069,0.0075,0.75,Furuya et al 2006,-99.0,-99.,-99.0,-99.0,-99.0,-99.0,N.A.,-99.0,-99.,-99.0,-99.0,-99.0,-99.0,N.A.,-99.0,-99.0,-99.0,-99.0,-99.0,-99.0,N.A.,96
97,350.0,10,10.0,0.101,0.001,0.01,Palau et al 2012,-99.0,-99.,-99.0,-99.0,-99.0,-99.0,N.A.,-99.0,-99.,-99.0,-99.0,-99.0,-99.0,N.A.,-99.0,-99.0,-99.0,-99.0,-99.0,-99.0,N.A.,97
172,350.0,10.,10.0,0.101,2.8E-5,0.0028,Palau et al 2012,-99.0,-99.,-99.0,-99.0,-99.0,-99.0,N.A.,-99.0,-99.,-99.0,-99.0,-99.0,-99.0,N.A.,-99.0,-99.0,-99.0,-99.0,-99.0,-99.0,N.A.,172
318,350.0,10,10.0,0.101,2.01E-4,0.0201,Palau et al 2012,-99.0,-99.,-99.0,-99.0,-99.0,-99.0,N.A.,-99.0,-99.,-99.0,-99.0,-99.0,-99.0,N.A.,-99.0,-99.0,-99.0,-99.0,-99.0,-99.0,N.A.,318
194,850.0,14.2,10.0,0.0175,6.59E-4,0.0659,Riaz et al. 2018,872.7,0.15x0.11,10.0,0.030111,3.96E-5,0.004,Riaz & Machida 2021,1330.0,1.59x1.19,10.0,0.01876,6.04E-5,0.0061,Riaz & Machida 2021,1930.0,1.2x0.95,10.0,0.01231,6.7E-5,0.00677,Riaz & Machida 2021,194
196,850.0,14.5,10.0,0.0175,9.27E-4,0.0927,Riaz et al 2016,-99.0,-99.,-99.0,-99.0,-99.0,-99.0,N.A.,-99.0,-99.,-99.0,-99.0,-99.0,-99.0,N.A.,-99.0,-99.0,-99.0,-99.0,-99.0,-99.0,N.A.,196
197,850.0,15,16.0,0.01,8.55E-5,0.00855,Greaves et al 2003,3200.0,7.8x2.8,9.0,0.01,2.5E-4,0.25,Andre et al 2012,-99.0,-99.,-99.0,-99.0,-99.0,-99.0,N.A.,-99.0,-99.0,-99.0,-99.0,-99.0,-99.0,N.A.,197
203,850.0,14,18.9,0.018,0.0066,0.66,Liu et al 2016,-99.0,-99.,-99.0,-99.0,-99.0,-99.0,N.A.,-99.0,-99.,-99.0,-99.0,-99.0,-99.0,N.A.,-99.0,-99.0,-99.0,-99.0,-99.0,-99.0,N.A.,203
206,850.0,14.5,10.0,0.017,3.7E-4,0.037,Riaz et al 2015,-99.0,-99.,-99.0,-99.0,-99.0,-99.0,N.A.,-99.0,-99.,-99.0,-99.0,-99.0,-99.0,N.A.,-99.0,-99.0,-99.0,-99.0,-99.0,-99.0,N.A.,206
207,850.0,14.5,10.0,0.017,2.18E-4,0.0218,Riaz et al 2015,-99.0,-99.,-99.0,-99.0,-99.0,-99.0,N.A.,-99.0,-99.,-99.0,-99.0,-99.0,-99.0,N.A.,-99.0,-99.0,-99.0,-99.0,-99.0,-99.0,N.A.,207
300,850.0,14.5,10.0,0.0175,0.00546,0.546,Riaz et al 2016,-99.0,-99.,-99.0,-99.0,-99.0,-99.0,N.A.,-99.0,-99.,-99.0,-99.0,-99.0,-99.0,N.A.,-99.0,-99.0,-99.0,-99.0,-99.0,-99.0,N.A.,300
301,850.0,14.5,10.0,0.0175,0.0119,1.19,Riaz et al 2016,-99.0,-99.,-99.0,-99.0,-99.0,-99.0,N.A.,-99.0,-99.,-99.0,-99.0,-99.0,-99.0,N.A.,-99.0,-99.0,-99.0,-99.0,-99.0,-99.0,N.A.,301
313,850.0,14.6,10.0,0.0175,5.63E-4,0.0563,Riaz et al 2018,1100.0,31.,10.0,0.0114,4.0E-4,0.04,Enoch et al. 2009,-99.0,-99.0,-99.0,-99.0,-99.0,-99.0,N.A.,-99.0,-99.,-99.0,-99.0,-99.0,-99.0,N.A.,313
142,850.0,14.6,10.0,0.0175,2.39E-4,0.0239,Riaz et al 2018/UL,-99.0,-99.,-99.0,-99.0,-99.0,-99.0,N.A.,-99.0,-99.,-99.0,-99.0,-99.0,-99.0,N.A.,-99.0,-99.0,-99.0,-99.0,-99.0,-99.0,N.A.,142
316,850.0,14.6,10.0,0.0175,2.67E-4,0.0267,Riaz et al. 2018,-99.0,-99.,-99.0,-99.0,-99.0,-99.0,N.A.,-99.0,-99.,-99.0,-99.0,-99.0,-99.0,N.A.,-99.0,-99.0,-99.0,-99.0,-99.0,-99.0,N.A.,316
319,850.0,14.6,10.0,0.0175,4.59E-4,0.0459,Riaz et al. 2018,-99.0,-99.,-99.0,-99.0,-99.0,-99.0,N.A.,-99.0,-99.,-99.0,-99.0,-99.0,-99.0,N.A.,-99.0,-99.0,-99.0,-99.0,-99.0,-99.0,N.A.,319
320,850.0,14.6,10.0,0.0175,6.682E-4,0.06682,Riaz et al. 2018,-99.0,-99.,-99.0,-99.0,-99.0,-99.0,N.A.,-99.0,-99.,-99.0,-99.0,-99.0,-99.0,N.A.,-99.0,-99.0,-99.0,-99.0,-99.0,-99.0,N.A.,320
321,850.0,14.6,10.0,0.0175,7.06E-4,0.0706,Riaz et al. 2018,-99.0,-99.,-99.0,-99.0,-99.0,-99.0,N.A.,-99.0,-99.,-99.0,-99.0,-99.0,-99.0,N.A.,-99.0,-99.0,-99.0,-99.0,-99.0,-99.0,N.A.,321
322,850.0,14.6,10.0,0.0175,5.9E-4,0.059,Riaz et al. 2018,-99.0,-99.,-99.0,-99.0,-99.0,-99.0,N.A.,-99.0,-99.,-99.0,-99.0,-99.0,-99.0,N.A.,-99.0,-99.0,-99.0,-99.0,-99.0,-99.0,N.A.,322
323,850.0,14.6,10.0,0.0175,1.1E-4,0.011,Riaz et al. 2018/UL,-99.0,-99.,-99.0,-99.0,-99.0,-99.0,N.A.,-99.0,-99.,-99.0,-99.0,-99.0,-99.0,N.A.,-99.0,-99.0,-99.0,-99.0,-99.0,-99.0,N.A.,323
324,850.0,14.6,10.0,0.0175,2.67E-4,0.0267,Riaz et al. 2018/UL,-99.0,-99.,-99.0,-99.0,-99.0,-99.0,N.A.,-99.0,-99.,-99.0,-99.0,-99.0,-99.0,N.A.,-99.0,-99.0,-99.0,-99.0,-99.0,-99.0,N.A.,324
327,850.0,14.1,15.0,0.012,2.1866E-5,0.0021866,Mowat et al 2017/UL,-99.0,-99.,-99.0,-99.0,-99.0,-99.0,N.A.,-99.0,-99.,-99.0,-99.0,-99.0,-99.0,N.A.,-99.0,-99.0,-99.0,-99.0,-99.0,-99.0,N.A.,327
165,870.0,27.6,10.0,0.0175,5.87E-4,0.0587,deGregorio-Monsalvo et al 2016,-99.0,-99.,-99.0,-99.0,-99.0,-99.0,N.A.,-99.0,-99.,-99.0,-99.0,-99.0,-99.0,N.A.,-99.0,-99.0,-99.0,-99.0,-99.0,-99.0,N.A.,165
192,870.0,21.,12.0,0.01,0.0236,2.36,Busch et al. 2020,3000.0,2.5x1.6,10.0,0.23,0.0012,0.12,Maureira et al 2020,-99.0,-99.,-99.0,-99.0,-99.0,-99.0,N.A.,-99.0,-99.0,-99.0,-99.0,-99.0,-99.0,N.A.,192
208,870.0,27.,15.0,0.01725,0.00101186,0.101186,Huelamo et al. 2017,880.0,0.95x0.48,15.0,0.01715,9.0E-5,0.009,Huelamo et al 2017,-99.0,-99.0,-99.0,-99.0,-99.0,-99.0,N.A.,-99.0,-99.0,-99.0,-99.0,-99.0,-99.0,N.A.,208
209,870.0,27.,15.0,0.01715,4.39111E-4,0.0439111,Huelamo et al. 2017,880.0,0.95x0.48,15.0,0.01715,3.0E-5,0.003,Huelamo et al 2017,-99.0,-99.0,-99.0,-99.0,-99.0,-99.0,N.A.,-99.0,-99.0,-99.0,-99.0,-99.0,-99.0,N.A.,209
210,870.0,27.,15.0,0.01715,7.82763E-4,0.0782763,Huelamo et al. 2017,880.0,0.95x0.48,15.0,0.01715,9.0E-6,9.0E-4,Huelamo et al 2017,-99.0,-99.0,-99.0,-99.0,-99.0,-99.0,N.A.,-99.0,-99.0,-99.0,-99.0,-99.0,-99.0,N.A.,210
302,870.0,27.6,10.0,0.0175,1.96E-4,0.0196,deGregorio-Monsalvo et al 2016,-99.0,-99.,-99.0,-99.0,-99.0,-99.0,N.A.,-99.0,-99.,-99.0,-99.0,-99.0,-99.0,N.A.,-99.0,-99.0,-99.0,-99.0,-99.0,-99.0,N.A.,302
303,870.0,27.6,10.0,0.0175,1.96E-4,0.0196,deGregorio-Monsalvo et al 2016,-99.0,-99.,-99.0,-99.0,-99.0,-99.0,N.A.,-99.0,-99.,-99.0,-99.0,-99.0,-99.0,N.A.,-99.0,-99.0,-99.0,-99.0,-99.0,-99.0,N.A.,303
304,870.0,27.6,10.0,0.0175,2.7E-4,0.027,deGregorio-Monsalvo et al 2016,-99.0,-99.,-99.0,-99.0,-99.0,-99.0,N.A.,-99.0,-99.,-99.0,-99.0,-99.0,-99.0,N.A.,-99.0,-99.0,-99.0,-99.0,-99.0,-99.0,N.A.,304
305,870.0,27.6,10.0,0.0175,0.00346,0.346,deGregorio-Monsalvo et al 2016,-99.0,-99.,-99.0,-99.0,-99.0,-99.0,N.A.,-99.0,-99.,-99.0,-99.0,-99.0,-99.0,N.A.,-99.0,-99.0,-99.0,-99.0,-99.0,-99.0,N.A.,305
306,870.0,27.6,10.0,0.0175,2.63E-4,0.0263,deGregorio-Monsalvo et al 2016,-99.0,-99.,-99.0,-99.0,-99.0,-99.0,N.A.,-99.0,-99.,-99.0,-99.0,-99.0,-99.0,N.A.,-99.0,-99.0,-99.0,-99.0,-99.0,-99.0,N.A.,306
307,870.0,27.6,10.0,0.0175,9.78E-4,0.0978,deGregorio-Monsalvo et al 2016,-99.0,-99.,-99.0,-99.0,-99.0,-99.0,N.A.,-99.0,-99.,-99.0,-99.0,-99.0,-99.0,N.A.,-99.0,-99.0,-99.0,-99.0,-99.0,-99.0,N.A.,307
308,870.0,27.6,10.0,0.0175,3.69E-4,0.0369,deGregorio-Monsalvo et al 2016,-99.0,-99.,-99.0,-99.0,-99.0,-99.0,N.A.,-99.0,-99.,-99.0,-99.0,-99.0,-99.0,N.A.,-99.0,-99.0,-99.0,-99.0,-99.0,-99.0,N.A.,308
309,870.0,27.6,10.0,0.0175,2.26E-4,0.0226,deGregorio-Monsalvo et al 2016,-99.0,-99.,-99.0,-99.0,-99.0,-99.0,N.A.,-99.0,-99.,-99.0,-99.0,-99.0,-99.0,N.A.,-99.0,-99.0,-99.0,-99.0,-99.0,-99.0,N.A.,309
310,870.0,27.6,10.0,0.0175,2.93E-4,0.0293,deGregorio-Monsalvo et al 2016,-99.0,-99.,-99.0,-99.0,-99.0,-99.0,N.A.,-99.0,-99.,-99.0,-99.0,-99.0,-99.0,N.A.,-99.0,-99.0,-99.0,-99.0,-99.0,-99.0,N.A.,310
311,870.0,27.6,10.0,0.0175,2.26E-4,0.0226,deGregorio-Monsalvo et al 2016,-99.0,-99.,-99.0,-99.0,-99.0,-99.0,N.A.,-99.0,-99.,-99.0,-99.0,-99.0,-99.0,N.A.,-99.0,-99.0,-99.0,-99.0,-99.0,-99.0,N.A.,311
312,870.0,27.6,10.0,0.0175,0.00196,0.196,deGregorio-Monsalvo et al 2016,-99.0,-99.,-99.0,-99.0,-99.0,-99.0,N.A.,-99.0,-99.,-99.0,-99.0,-99.0,-99.0,N.A.,-99.0,-99.0,-99.0,-99.0,-99.0,-99.0,N.A.,312
198,883.0,9,20.0,0.034,3.0E-4,0.03,Andrews et al 2008,-99.0,-99.,-99.0,-99.0,-99.0,-99.0,N.A.,-99.0,-99.,-99.0,-99.0,-99.0,-99.0,N.A.,-99.0,-99.0,-99.0,-99.0,-99.0,-99.0,N.A.,198
101,1100.0,31,10.0,0.0114,0.0048,0.48,Enoch et al 2006,1200.0,15,10.0,0.0114,0.003,0.3,Pineda et al 2011,3000.0,3.5x2.5,10.0,0.23,0.00312,0.312,Maureira et al 2020,-99.0,-99.0,-99.0,-99.0,-99.0,-99.0,N.A.,101
176,1100.0,31,10.0,0.01114,0.44,4.4,Enoch et al 2006,1250.0,11,40.0,0.002,0.0084,0.84,Lefloch et al 1998,850.0,14,25.0,0.0065,0.0034,0.34,Sandell & Knee 2001,3000.0,3.5,10.0,0.23,0.0032,0.32,Maureira et al 2020,176
178,1100.0,28,9.0,0.00369,1.71E-4,0.0171,Santamaria et al 2021,1330.0,0.91x0.83,9.0,0.00369,5.985E-6,5.985E-4,Santamaria et al 2021,-99.0,-99.,-99.0,-99.0,-99.0,-99.0,N.A.,-99.0,-99.0,-99.0,-99.0,-99.0,-99.0,N.A.,178
179,1100.0,28,9.0,0.00369,3.895E-4,0.03895,Santamaria et al 2021,1330.0,0.94x0.93,9.0,0.00369,5.13E-5,0.00513,Santamaria et al 2021,-99.0,-99.,-99.0,-99.0,-99.0,-99.0,N.A.,-99.0,-99.0,-99.0,-99.0,-99.0,-99.0,N.A.,179
180,1100.0,28,9.0,0.00369,1.045E-4,0.01045,Santamaria et al 2021,1330.0,0.94x0.93,9.0,0.00369,3.325E-5,0.003325,Santamaria et al 2021,-99.0,-99.,-99.0,-99.0,-99.0,-99.0,N.A.,-99.0,-99.0,-99.0,-99.0,-99.0,-99.0,N.A.,180
181,1100.0,28,9.0,0.00369,2.945E-4,0.02945,Santamaria et al 2021,1330.0,0.91x0.83,9.0,0.00369,4.56E-5,0.00456,Santamaria et al 2021,-99.0,-99.,-99.0,-99.0,-99.0,-99.0,N.A.,-99.0,-99.0,-99.0,-99.0,-99.0,-99.0,N.A.,181
182,1100.0,28,9.0,0.00369,1.71E-4,0.0171,Santamaria et al 2021,1330.0,0.91x0.83,9.0,0.00369,2.565E-5,0.002565,Santamaria et al 2021,-99.0,-99.,-99.0,-99.0,-99.0,-99.0,N.A.,-99.0,-99.0,-99.0,-99.0,-99.0,-99.0,N.A.,182
183,1100.0,28,9.0,0.00369,4.845E-5,0.04845,Santamaria et al 2021,1330.0,0.95x0.82,9.0,0.00369,2.9455E-5,0.002945,Santamaria et al 2021,-99.0,-99.,-99.0,-99.0,-99.0,-99.0,N.A.,-99.0,-99.0,-99.0,-99.0,-99.0,-99.0,N.A.,183
184,1100.0,28,9.0,0.00369,0.00171,0.171,Santamaria et al 2021,1330.0,0.96x0.82,9.0,0.00369,1.045E-5,0.001045,Santamaria et al 2021,-99.0,-99.,-99.0,-99.0,-99.0,-99.0,N.A.,-99.0,-99.0,-99.0,-99.0,-99.0,-99.0,N.A.,184
189,1100.0,28,9.0,0.00369,8.74E-4,0.0874,Santamaria et al 2021,1330.0,1.12x0.82,9.0,0.00369,1.14E-5,0.00114,Santamaria et al 2021,-99.0,-99.,-99.0,-99.0,-99.0,-99.0,N.A.,-99.0,-99.0,-99.0,-99.0,-99.0,-99.0,N.A.,189
191,1100.0,40,8.0,0.0114,0.0164,1.64,Enoch et al 2010,3000.0,3.5x2.4,10.0,0.23,0.0045,0.45,Maureira et al 2020,-99.0,-99.,-99.0,-99.0,-99.0,-99.0,N.A.,-99.0,-99.0,-99.0,-99.0,-99.0,-99.0,N.A.,191
314,1100.0,31.,10.0,0.0114,0.001,0.1,Enoch et al. 2009,-99.0,-99.,-99.0,-99.0,-99.0,-99.0,N.A.,-99.0,-99.,-99.0,-99.0,-99.0,-99.0,N.A.,-99.0,-99.0,-99.0,-99.0,-99.0,-99.0,N.A.,314
195,1300.0,3,11.0,0.005,4.7E-5,0.047,Chen et al 2010,-99.0,-99.,-99.0,-99.0,-99.0,-99.0,N.A.,-99.0,-99.,-99.0,-99.0,-99.0,-99.0,N.A.,-99.0,-99.0,-99.0,-99.0,-99.0,-99.0,N.A.,195
200,1300.0,11,15.0,0.01,3.0E-6,0.003,Motte&Andre 2001,-99.0,-99.,-99.0,-99.0,-99.0,-99.0,N.A.,-99.0,-99.,-99.0,-99.0,-99.0,-99.0,N.A.,-99.0,-99.0,-99.0,-99.0,-99.0,-99.0,N.A.,200
201,1300.0,11,15.0,0.01,0.002,0.2,Motte&Andre 2001,2940.0,1.90x1.59,32.0,0.00139,1.7E-5,0.017,Dang-Duc et al 2016,-99.0,-99.,-99.0,-99.0,-99.0,-99.0,N.A.,-99.0,-99.0,-99.0,-99.0,-99.0,-99.0,N.A.,201
199,1300.0,11,15.0,0.01,0.0025,0.25,Motte&Andre 2001,-99.0,-99.,-99.0,-99.0,-99.0,-99.0,N.A.,-99.0,-99.,-99.0,-99.0,-99.0,-99.0,N.A.,-99.0,-99.0,-99.0,-99.0,-99.0,-99.0,N.A.,199
177,1330.0,0.94x0.93,9.0,0.00369,8.55E-6,8.5E-4,Santamaria et al 2021,-99.0,-99.,-99.0,-99.0,-99.0,-99.0,N.A.,-99.0,-99.,-99.0,-99.0,-99.0,-99.0,N.A.,-99.0,-99.0,-99.0,-99.0,-99.0,-99.0,N.A.,177
185,1330.0,0.96x0.82,9.0,0.00369,9.5E-6,9.5E-4,Santamaria et al 2021,-99.0,-99.,-99.0,-99.0,-99.0,-99.0,N.A.,-99.0,-99.,-99.0,-99.0,-99.0,-99.0,N.A.,-99.0,-99.0,-99.0,-99.0,-99.0,-99.0,N.A.,185
186,1330.0,0.93x0.85,9.0,0.00369,1.615E-5,0.001615,Santamaria et al 2021,-99.0,-99.,-99.0,-99.0,-99.0,-99.0,N.A.,-99.0,-99.,-99.0,-99.0,-99.0,-99.0,N.A.,-99.0,-99.0,-99.0,-99.0,-99.0,-99.0,N.A.,186
187,1330.0,0.93x0.85,9.0,0.00369,1.71E-5,0.00171,Santamaria et al 2021,-99.0,-99.,-99.0,-99.0,-99.0,-99.0,N.A.,-99.0,-99.,-99.0,-99.0,-99.0,-99.0,N.A.,-99.0,-99.0,-99.0,-99.0,-99.0,-99.0,N.A.,187
188,1330.0,0.93x0.85,9.0,0.00369,1.71E-5,0.00171,Santamaria et al 2021,-99.0,-99.,-99.0,-99.0,-99.0,-99.0,N.A.,-99.0,-99.,-99.0,-99.0,-99.0,-99.0,N.A.,-99.0,-99.0,-99.0,-99.0,-99.0,-99.0,N.A.,188
190,1330.0,0.93x0.85,9.0,0.00369,1.33E-5,0.00133,Santamaria et al 2021,-99.0,-99.,-99.0,-99.0,-99.0,-99.0,N.A.,-99.0,-99.,-99.0,-99.0,-99.0,-99.0,N.A.,-99.0,-99.0,-99.0,-99.0,-99.0,-99.0,N.A.,190