;ID,ID_F,NAME_F,LF,WF,ZPjy,ZPerg
3,2,IMEGACAM,0.76,0.12,2569.47,1.37e-09
3,3,ZMEGACAM,0.88,0.1,2251.78,8.727999999999999e-10
97,2,IMEGACAM,0.76,0.12,2569.47,1.37e-09
97,3,ZMEGACAM,0.88,0.1,2251.78,8.727999999999999e-10
172,29,ZSDSS,0.89,0.11,2227.03,8.385850000000001e-10
178,36,WFIRCousins,0.6482,0.154,3033.45,2.164e-09
178,37,WFIICousins,0.86,0.151,2297.88,9.297000000000001e-10
178,38,WFIz,0.96,0.0515,2209.9,7.23217e-10
180,36,WFIRCousins,0.6482,0.154,3033.45,2.164e-09
180,38,WFIz,0.96,0.0515,2209.9,7.23217e-10
198,40,SAORCousin,0.64,0.14,3072.83,2.2456300000000002e-09
198,39,FLWOICousins,0.78,0.10099999999999999,2452.02,1.19e-09
198,29,ZSDSS,0.89,0.11,2227.03,8.385850000000001e-10
199,39,FLWOICousins,0.78,0.10099999999999999,2452.02,1.19e-09
200,39,FLWOICousins,0.78,0.10099999999999999,2452.02,1.19e-09
206,50,DENIS-I,0.7859999999999999,0.113,2439.72,1.1728e-09
207,50,DENIS-I,0.7859999999999999,0.113,2439.72,1.1728e-09
327,37,WFIICousins,0.86,0.151,2297.88,9.297000000000001e-10
327,38,WFIz,0.96,0.0515,2209.9,7.23217e-10
3,10,IRAC1,3.5,0.68,277.22,6.755e-12
3,11,IRAC2,4.5,0.86,179.04,2.7269999999999996e-12
3,12,IRAC3,5.6,1.3,113.85,1.078e-12
3,13,IRAC4,8.5,2.5,62.0,3.227e-13
3,14,MIPS1,23.2,5.2,7.07,3.936e-15
35,10,IRAC1,3.5,0.68,277.22,6.755e-12
35,11,IRAC2,4.5,0.86,179.04,2.7269999999999996e-12
35,12,IRAC3,5.6,1.3,113.85,1.078e-12
35,13,IRAC4,8.5,2.5,62.0,3.227e-13
35,14,MIPS1,23.2,5.2,7.07,3.936e-15
34,10,IRAC1,3.5,0.68,277.22,6.755e-12
34,11,IRAC2,4.5,0.86,179.04,2.7269999999999996e-12
34,12,IRAC3,5.6,1.3,113.85,1.078e-12
34,13,IRAC4,8.5,2.5,62.0,3.227e-13
34,14,MIPS1,23.2,5.2,7.07,3.936e-15
34,15,MIPS2,68.44,21.3,0.77,4.9270000000000004e-17
38,10,IRAC1,3.5,0.68,277.22,6.755e-12
38,11,IRAC2,4.5,0.86,179.04,2.7269999999999996e-12
38,12,IRAC3,5.6,1.3,113.85,1.078e-12
38,13,IRAC4,8.5,2.5,62.0,3.227e-13
38,14,MIPS1,23.2,5.2,7.07,3.936e-15
38,15,MIPS2,68.44,21.3,0.77,4.9270000000000004e-17
142,10,IRAC1,3.5,0.68,277.22,6.755e-12
142,11,IRAC2,4.5,0.86,179.04,2.7269999999999996e-12
142,12,IRAC3,5.6,1.3,113.85,1.078e-12
142,13,IRAC4,8.5,2.5,62.0,3.227e-13
142,14,MIPS1,23.2,5.2,7.07,3.936e-15
97,10,IRAC1,3.5,0.68,277.22,6.755e-12
97,11,IRAC2,4.5,0.86,179.04,2.7269999999999996e-12
97,12,IRAC3,5.6,1.3,113.85,1.078e-12
97,13,IRAC4,8.5,2.5,62.0,3.227e-13
97,14,MIPS1,23.2,5.2,7.07,3.936e-15
97,15,MIPS2,68.44,21.3,0.77,4.9270000000000004e-17
0,10,IRAC1,3.5,0.68,277.22,6.755e-12
0,11,IRAC2,4.5,0.86,179.04,2.7269999999999996e-12
0,12,IRAC3,5.6,1.3,113.85,1.078e-12
0,13,IRAC4,8.5,2.5,62.0,3.227e-13
0,14,MIPS1,23.2,5.2,7.07,3.936e-15
0,15,MIPS2,68.44,21.3,0.77,4.9270000000000004e-17
0,16,MIPS3,152.6,35.75,0.16,2.0330000000000003e-18
1,10,IRAC1,3.5,0.68,277.22,6.755e-12
1,11,IRAC2,4.5,0.86,179.04,2.7269999999999996e-12
1,12,IRAC3,5.6,1.3,113.85,1.078e-12
1,13,IRAC4,8.5,2.5,62.0,3.227e-13
1,14,MIPS1,23.2,5.2,7.07,3.936e-15
2,10,IRAC1,3.5,0.68,277.22,6.755e-12
2,11,IRAC2,4.5,0.86,179.04,2.7269999999999996e-12
2,12,IRAC3,5.6,1.3,113.85,1.078e-12
2,13,IRAC4,8.5,2.5,62.0,3.227e-13
2,14,MIPS1,23.2,5.2,7.07,3.936e-15
4,10,IRAC1,3.5,0.68,277.22,6.755e-12
4,11,IRAC2,4.5,0.86,179.04,2.7269999999999996e-12
4,12,IRAC3,5.6,1.3,113.85,1.078e-12
4,13,IRAC4,8.5,2.5,62.0,3.227e-13
4,14,MIPS1,23.2,5.2,7.07,3.936e-15
5,10,IRAC1,3.5,0.68,277.22,6.755e-12
5,11,IRAC2,4.5,0.86,179.04,2.7269999999999996e-12
5,12,IRAC3,5.6,1.3,113.85,1.078e-12
5,13,IRAC4,8.5,2.5,62.0,3.227e-13
5,14,MIPS1,23.2,5.2,7.07,3.936e-15
5,15,MIPS2,68.44,21.3,0.77,4.9270000000000004e-17
6,13,IRAC4,8.5,2.5,62.0,3.227e-13
6,14,MIPS1,23.2,5.2,7.07,3.936e-15
6,15,MIPS2,68.44,21.3,0.77,4.9270000000000004e-17
7,10,IRAC1,3.5,0.68,277.22,6.755e-12
7,11,IRAC2,4.5,0.86,179.04,2.7269999999999996e-12
7,12,IRAC3,5.6,1.3,113.85,1.078e-12
7,13,IRAC4,8.5,2.5,62.0,3.227e-13
7,14,MIPS1,23.2,5.2,7.07,3.936e-15
7,15,MIPS2,68.44,21.3,0.77,4.9270000000000004e-17
8,10,IRAC1,3.5,0.68,277.22,6.755e-12
8,11,IRAC2,4.5,0.86,179.04,2.7269999999999996e-12
8,12,IRAC3,5.6,1.3,113.85,1.078e-12
8,13,IRAC4,8.5,2.5,62.0,3.227e-13
8,14,MIPS1,23.2,5.2,7.07,3.936e-15
9,10,IRAC1,3.5,0.68,277.22,6.755e-12
9,11,IRAC2,4.5,0.86,179.04,2.7269999999999996e-12
9,12,IRAC3,5.6,1.3,113.85,1.078e-12
9,13,IRAC4,8.5,2.5,62.0,3.227e-13
9,14,MIPS1,23.2,5.2,7.07,3.936e-15
10,10,IRAC1,3.5,0.68,277.22,6.755e-12
10,11,IRAC2,4.5,0.86,179.04,2.7269999999999996e-12
10,12,IRAC3,5.6,1.3,113.85,1.078e-12
10,13,IRAC4,8.5,2.5,62.0,3.227e-13
10,14,MIPS1,23.2,5.2,7.07,3.936e-15
11,10,IRAC1,3.5,0.68,277.22,6.755e-12
11,11,IRAC2,4.5,0.86,179.04,2.7269999999999996e-12
11,12,IRAC3,5.6,1.3,113.85,1.078e-12
11,13,IRAC4,8.5,2.5,62.0,3.227e-13
11,14,MIPS1,23.2,5.2,7.07,3.936e-15
12,10,IRAC1,3.5,0.68,277.22,6.755e-12
12,11,IRAC2,4.5,0.86,179.04,2.7269999999999996e-12
12,12,IRAC3,5.6,1.3,113.85,1.078e-12
12,13,IRAC4,8.5,2.5,62.0,3.227e-13
12,14,MIPS1,23.2,5.2,7.07,3.936e-15
12,15,MIPS2,68.44,21.3,0.77,4.9270000000000004e-17
13,10,IRAC1,3.5,0.68,277.22,6.755e-12
13,11,IRAC2,4.5,0.86,179.04,2.7269999999999996e-12
13,12,IRAC3,5.6,1.3,113.85,1.078e-12
13,13,IRAC4,8.5,2.5,62.0,3.227e-13
13,14,MIPS1,23.2,5.2,7.07,3.936e-15
14,10,IRAC1,3.5,0.68,277.22,6.755e-12
14,11,IRAC2,4.5,0.86,179.04,2.7269999999999996e-12
14,12,IRAC3,5.6,1.3,113.85,1.078e-12
14,13,IRAC4,8.5,2.5,62.0,3.227e-13
14,14,MIPS1,23.2,5.2,7.07,3.936e-15
15,10,IRAC1,3.5,0.68,277.22,6.755e-12
15,11,IRAC2,4.5,0.86,179.04,2.7269999999999996e-12
15,12,IRAC3,5.6,1.3,113.85,1.078e-12
15,13,IRAC4,8.5,2.5,62.0,3.227e-13
15,14,MIPS1,23.2,5.2,7.07,3.936e-15
16,10,IRAC1,3.5,0.68,277.22,6.755e-12
16,11,IRAC2,4.5,0.86,179.04,2.7269999999999996e-12
16,12,IRAC3,5.6,1.3,113.85,1.078e-12
16,13,IRAC4,8.5,2.5,62.0,3.227e-13
16,14,MIPS1,23.2,5.2,7.07,3.936e-15
17,10,IRAC1,3.5,0.68,277.22,6.755e-12
17,11,IRAC2,4.5,0.86,179.04,2.7269999999999996e-12
17,12,IRAC3,5.6,1.3,113.85,1.078e-12
17,13,IRAC4,8.5,2.5,62.0,3.227e-13
17,14,MIPS1,23.2,5.2,7.07,3.936e-15
18,10,IRAC1,3.5,0.68,277.22,6.755e-12
18,11,IRAC2,4.5,0.86,179.04,2.7269999999999996e-12
18,12,IRAC3,5.6,1.3,113.85,1.078e-12
18,13,IRAC4,8.5,2.5,62.0,3.227e-13
18,14,MIPS1,23.2,5.2,7.07,3.936e-15
19,10,IRAC1,3.5,0.68,277.22,6.755e-12
19,11,IRAC2,4.5,0.86,179.04,2.7269999999999996e-12
19,12,IRAC3,5.6,1.3,113.85,1.078e-12
19,13,IRAC4,8.5,2.5,62.0,3.227e-13
19,14,MIPS1,23.2,5.2,7.07,3.936e-15
20,10,IRAC1,3.5,0.68,277.22,6.755e-12
20,11,IRAC2,4.5,0.86,179.04,2.7269999999999996e-12
20,12,IRAC3,5.6,1.3,113.85,1.078e-12
20,13,IRAC4,8.5,2.5,62.0,3.227e-13
20,14,MIPS1,23.2,5.2,7.07,3.936e-15
21,11,IRAC2,4.5,0.86,179.04,2.7269999999999996e-12
21,12,IRAC3,5.6,1.3,113.85,1.078e-12
21,14,MIPS1,23.2,5.2,7.07,3.936e-15
22,11,IRAC2,4.5,0.86,179.04,2.7269999999999996e-12
22,12,IRAC3,5.6,1.3,113.85,1.078e-12
22,14,MIPS1,23.2,5.2,7.07,3.936e-15
23,10,IRAC1,3.5,0.68,277.22,6.755e-12
23,11,IRAC2,4.5,0.86,179.04,2.7269999999999996e-12
23,12,IRAC3,5.6,1.3,113.85,1.078e-12
23,13,IRAC4,8.5,2.5,62.0,3.227e-13
23,14,MIPS1,23.2,5.2,7.07,3.936e-15
25,10,IRAC1,3.5,0.68,277.22,6.755e-12
25,11,IRAC2,4.5,0.86,179.04,2.7269999999999996e-12
25,12,IRAC3,5.6,1.3,113.85,1.078e-12
25,13,IRAC4,8.5,2.5,62.0,3.227e-13
25,14,MIPS1,23.2,5.2,7.07,3.936e-15
24,10,IRAC1,3.5,0.68,277.22,6.755e-12
24,11,IRAC2,4.5,0.86,179.04,2.7269999999999996e-12
24,12,IRAC3,5.6,1.3,113.85,1.078e-12
24,13,IRAC4,8.5,2.5,62.0,3.227e-13
24,14,MIPS1,23.2,5.2,7.07,3.936e-15
26,10,IRAC1,3.5,0.68,277.22,6.755e-12
26,11,IRAC2,4.5,0.86,179.04,2.7269999999999996e-12
26,12,IRAC3,5.6,1.3,113.85,1.078e-12
26,13,IRAC4,8.5,2.5,62.0,3.227e-13
26,14,MIPS1,23.2,5.2,7.07,3.936e-15
27,10,IRAC1,3.5,0.68,277.22,6.755e-12
27,11,IRAC2,4.5,0.86,179.04,2.7269999999999996e-12
27,12,IRAC3,5.6,1.3,113.85,1.078e-12
27,13,IRAC4,8.5,2.5,62.0,3.227e-13
27,14,MIPS1,23.2,5.2,7.07,3.936e-15
28,10,IRAC1,3.5,0.68,277.22,6.755e-12
28,11,IRAC2,4.5,0.86,179.04,2.7269999999999996e-12
28,12,IRAC3,5.6,1.3,113.85,1.078e-12
28,13,IRAC4,8.5,2.5,62.0,3.227e-13
28,14,MIPS1,23.2,5.2,7.07,3.936e-15
29,10,IRAC1,3.5,0.68,277.22,6.755e-12
29,11,IRAC2,4.5,0.86,179.04,2.7269999999999996e-12
29,12,IRAC3,5.6,1.3,113.85,1.078e-12
29,13,IRAC4,8.5,2.5,62.0,3.227e-13
29,14,MIPS1,23.2,5.2,7.07,3.936e-15
30,10,IRAC1,3.5,0.68,277.22,6.755e-12
30,11,IRAC2,4.5,0.86,179.04,2.7269999999999996e-12
30,12,IRAC3,5.6,1.3,113.85,1.078e-12
30,13,IRAC4,8.5,2.5,62.0,3.227e-13
30,14,MIPS1,23.2,5.2,7.07,3.936e-15
31,10,IRAC1,3.5,0.68,277.22,6.755e-12
31,11,IRAC2,4.5,0.86,179.04,2.7269999999999996e-12
31,12,IRAC3,5.6,1.3,113.85,1.078e-12
31,13,IRAC4,8.5,2.5,62.0,3.227e-13
31,14,MIPS1,23.2,5.2,7.07,3.936e-15
32,10,IRAC1,3.5,0.68,277.22,6.755e-12
32,11,IRAC2,4.5,0.86,179.04,2.7269999999999996e-12
32,12,IRAC3,5.6,1.3,113.85,1.078e-12
32,13,IRAC4,8.5,2.5,62.0,3.227e-13
32,14,MIPS1,23.2,5.2,7.07,3.936e-15
33,10,IRAC1,3.5,0.68,277.22,6.755e-12
33,11,IRAC2,4.5,0.86,179.04,2.7269999999999996e-12
33,12,IRAC3,5.6,1.3,113.85,1.078e-12
33,13,IRAC4,8.5,2.5,62.0,3.227e-13
33,14,MIPS1,23.2,5.2,7.07,3.936e-15
37,10,IRAC1,3.5,0.68,277.22,6.755e-12
37,11,IRAC2,4.5,0.86,179.04,2.7269999999999996e-12
37,12,IRAC3,5.6,1.3,113.85,1.078e-12
37,13,IRAC4,8.5,2.5,62.0,3.227e-13
37,14,MIPS1,23.2,5.2,7.07,3.936e-15
39,10,IRAC1,3.5,0.68,277.22,6.755e-12
39,11,IRAC2,4.5,0.86,179.04,2.7269999999999996e-12
39,12,IRAC3,5.6,1.3,113.85,1.078e-12
39,13,IRAC4,8.5,2.5,62.0,3.227e-13
39,14,MIPS1,23.2,5.2,7.07,3.936e-15
39,15,MIPS2,68.44,21.3,0.77,4.9270000000000004e-17
40,10,IRAC1,3.5,0.68,277.22,6.755e-12
40,11,IRAC2,4.5,0.86,179.04,2.7269999999999996e-12
40,12,IRAC3,5.6,1.3,113.85,1.078e-12
40,13,IRAC4,8.5,2.5,62.0,3.227e-13
40,14,MIPS1,23.2,5.2,7.07,3.936e-15
41,10,IRAC1,3.5,0.68,277.22,6.755e-12
41,11,IRAC2,4.5,0.86,179.04,2.7269999999999996e-12
41,12,IRAC3,5.6,1.3,113.85,1.078e-12
41,13,IRAC4,8.5,2.5,62.0,3.227e-13
41,14,MIPS1,23.2,5.2,7.07,3.936e-15
42,10,IRAC1,3.5,0.68,277.22,6.755e-12
42,11,IRAC2,4.5,0.86,179.04,2.7269999999999996e-12
42,12,IRAC3,5.6,1.3,113.85,1.078e-12
42,13,IRAC4,8.5,2.5,62.0,3.227e-13
42,14,MIPS1,23.2,5.2,7.07,3.936e-15
43,10,IRAC1,3.5,0.68,277.22,6.755e-12
43,11,IRAC2,4.5,0.86,179.04,2.7269999999999996e-12
43,12,IRAC3,5.6,1.3,113.85,1.078e-12
43,13,IRAC4,8.5,2.5,62.0,3.227e-13
43,14,MIPS1,23.2,5.2,7.07,3.936e-15
45,13,IRAC4,8.5,2.5,62.0,3.227e-13
45,14,MIPS1,23.2,5.2,7.07,3.936e-15
45,15,MIPS2,68.44,21.3,0.77,4.9270000000000004e-17
46,10,IRAC1,3.5,0.68,277.22,6.755e-12
46,11,IRAC2,4.5,0.86,179.04,2.7269999999999996e-12
46,12,IRAC3,5.6,1.3,113.85,1.078e-12
46,13,IRAC4,8.5,2.5,62.0,3.227e-13
46,14,MIPS1,23.2,5.2,7.07,3.936e-15
46,15,MIPS2,68.44,21.3,0.77,4.9270000000000004e-17
47,10,IRAC1,3.5,0.68,277.22,6.755e-12
47,11,IRAC2,4.5,0.86,179.04,2.7269999999999996e-12
47,12,IRAC3,5.6,1.3,113.85,1.078e-12
47,13,IRAC4,8.5,2.5,62.0,3.227e-13
47,14,MIPS1,23.2,5.2,7.07,3.936e-15
48,10,IRAC1,3.5,0.68,277.22,6.755e-12
48,11,IRAC2,4.5,0.86,179.04,2.7269999999999996e-12
48,12,IRAC3,5.6,1.3,113.85,1.078e-12
48,13,IRAC4,8.5,2.5,62.0,3.227e-13
48,14,MIPS1,23.2,5.2,7.07,3.936e-15
49,10,IRAC1,3.5,0.68,277.22,6.755e-12
49,11,IRAC2,4.5,0.86,179.04,2.7269999999999996e-12
49,13,IRAC4,8.5,2.5,62.0,3.227e-13
49,14,MIPS1,23.2,5.2,7.07,3.936e-15
49,15,MIPS2,68.44,21.3,0.77,4.9270000000000004e-17
50,10,IRAC1,3.5,0.68,277.22,6.755e-12
50,11,IRAC2,4.5,0.86,179.04,2.7269999999999996e-12
50,13,IRAC4,8.5,2.5,62.0,3.227e-13
50,14,MIPS1,23.2,5.2,7.07,3.936e-15
51,12,IRAC3,5.6,1.3,113.85,1.078e-12
51,13,IRAC4,8.5,2.5,62.0,3.227e-13
51,14,MIPS1,23.2,5.2,7.07,3.936e-15
58,10,IRAC1,3.5,0.68,277.22,6.755e-12
58,11,IRAC2,4.5,0.86,179.04,2.7269999999999996e-12
58,12,IRAC3,5.6,1.3,113.85,1.078e-12
58,13,IRAC4,8.5,2.5,62.0,3.227e-13
58,14,MIPS1,23.2,5.2,7.07,3.936e-15
58,15,MIPS2,68.44,21.3,0.77,4.9270000000000004e-17
59,10,IRAC1,3.5,0.68,277.22,6.755e-12
59,11,IRAC2,4.5,0.86,179.04,2.7269999999999996e-12
59,12,IRAC3,5.6,1.3,113.85,1.078e-12
59,13,IRAC4,8.5,2.5,62.0,3.227e-13
59,14,MIPS1,23.2,5.2,7.07,3.936e-15
60,10,IRAC1,3.5,0.68,277.22,6.755e-12
60,11,IRAC2,4.5,0.86,179.04,2.7269999999999996e-12
60,12,IRAC3,5.6,1.3,113.85,1.078e-12
60,13,IRAC4,8.5,2.5,62.0,3.227e-13
60,14,MIPS1,23.2,5.2,7.07,3.936e-15
61,10,IRAC1,3.5,0.68,277.22,6.755e-12
61,11,IRAC2,4.5,0.86,179.04,2.7269999999999996e-12
61,12,IRAC3,5.6,1.3,113.85,1.078e-12
61,13,IRAC4,8.5,2.5,62.0,3.227e-13
61,14,MIPS1,23.2,5.2,7.07,3.936e-15
61,15,MIPS2,68.44,21.3,0.77,4.9270000000000004e-17
62,10,IRAC1,3.5,0.68,277.22,6.755e-12
62,11,IRAC2,4.5,0.86,179.04,2.7269999999999996e-12
62,12,IRAC3,5.6,1.3,113.85,1.078e-12
62,13,IRAC4,8.5,2.5,62.0,3.227e-13
62,14,MIPS1,23.2,5.2,7.07,3.936e-15
63,10,IRAC1,3.5,0.68,277.22,6.755e-12
63,11,IRAC2,4.5,0.86,179.04,2.7269999999999996e-12
63,12,IRAC3,5.6,1.3,113.85,1.078e-12
63,13,IRAC4,8.5,2.5,62.0,3.227e-13
63,14,MIPS1,23.2,5.2,7.07,3.936e-15
84,11,IRAC2,4.5,0.86,179.04,2.7269999999999996e-12
84,13,IRAC4,8.5,2.5,62.0,3.227e-13
84,14,MIPS1,23.2,5.2,7.07,3.936e-15
85,10,IRAC1,3.5,0.68,277.22,6.755e-12
85,12,IRAC3,5.6,1.3,113.85,1.078e-12
85,14,MIPS1,23.2,5.2,7.07,3.936e-15
87,12,IRAC3,5.6,1.3,113.85,1.078e-12
87,13,IRAC4,8.5,2.5,62.0,3.227e-13
87,14,MIPS1,23.2,5.2,7.07,3.936e-15
64,10,IRAC1,3.5,0.68,277.22,6.755e-12
64,12,IRAC3,5.6,1.3,113.85,1.078e-12
64,14,MIPS1,23.2,5.2,7.07,3.936e-15
64,15,MIPS2,68.44,21.3,0.77,4.9270000000000004e-17
67,10,IRAC1,3.5,0.68,277.22,6.755e-12
67,11,IRAC2,4.5,0.86,179.04,2.7269999999999996e-12
67,12,IRAC3,5.6,1.3,113.85,1.078e-12
67,13,IRAC4,8.5,2.5,62.0,3.227e-13
67,14,MIPS1,23.2,5.2,7.07,3.936e-15
68,10,IRAC1,3.5,0.68,277.22,6.755e-12
68,11,IRAC2,4.5,0.86,179.04,2.7269999999999996e-12
68,12,IRAC3,5.6,1.3,113.85,1.078e-12
68,13,IRAC4,8.5,2.5,62.0,3.227e-13
68,14,MIPS1,23.2,5.2,7.07,3.936e-15
69,10,IRAC1,3.5,0.68,277.22,6.755e-12
69,11,IRAC2,4.5,0.86,179.04,2.7269999999999996e-12
69,12,IRAC3,5.6,1.3,113.85,1.078e-12
69,13,IRAC4,8.5,2.5,62.0,3.227e-13
69,14,MIPS1,23.2,5.2,7.07,3.936e-15
71,10,IRAC1,3.5,0.68,277.22,6.755e-12
71,11,IRAC2,4.5,0.86,179.04,2.7269999999999996e-12
71,12,IRAC3,5.6,1.3,113.85,1.078e-12
71,13,IRAC4,8.5,2.5,62.0,3.227e-13
71,14,MIPS1,23.2,5.2,7.07,3.936e-15
72,10,IRAC1,3.5,0.68,277.22,6.755e-12
72,11,IRAC2,4.5,0.86,179.04,2.7269999999999996e-12
72,12,IRAC3,5.6,1.3,113.85,1.078e-12
72,13,IRAC4,8.5,2.5,62.0,3.227e-13
72,14,MIPS1,23.2,5.2,7.07,3.936e-15
73,10,IRAC1,3.5,0.68,277.22,6.755e-12
73,11,IRAC2,4.5,0.86,179.04,2.7269999999999996e-12
73,12,IRAC3,5.6,1.3,113.85,1.078e-12
73,13,IRAC4,8.5,2.5,62.0,3.227e-13
73,14,MIPS1,23.2,5.2,7.07,3.936e-15
74,10,IRAC1,3.5,0.68,277.22,6.755e-12
74,11,IRAC2,4.5,0.86,179.04,2.7269999999999996e-12
74,12,IRAC3,5.6,1.3,113.85,1.078e-12
74,13,IRAC4,8.5,2.5,62.0,3.227e-13
74,14,MIPS1,23.2,5.2,7.07,3.936e-15
75,10,IRAC1,3.5,0.68,277.22,6.755e-12
75,12,IRAC3,5.6,1.3,113.85,1.078e-12
75,14,MIPS1,23.2,5.2,7.07,3.936e-15
76,10,IRAC1,3.5,0.68,277.22,6.755e-12
76,12,IRAC3,5.6,1.3,113.85,1.078e-12
76,14,MIPS1,23.2,5.2,7.07,3.936e-15
77,10,IRAC1,3.5,0.68,277.22,6.755e-12
77,11,IRAC2,4.5,0.86,179.04,2.7269999999999996e-12
77,12,IRAC3,5.6,1.3,113.85,1.078e-12
77,13,IRAC4,8.5,2.5,62.0,3.227e-13
77,14,MIPS1,23.2,5.2,7.07,3.936e-15
117,10,IRAC1,3.5,0.68,277.22,6.755e-12
117,11,IRAC2,4.5,0.86,179.04,2.7269999999999996e-12
117,12,IRAC3,5.6,1.3,113.85,1.078e-12
117,13,IRAC4,8.5,2.5,62.0,3.227e-13
117,14,MIPS1,23.2,5.2,7.07,3.936e-15
117,15,MIPS2,68.44,21.3,0.77,4.9270000000000004e-17
166,10,IRAC1,3.5,0.68,277.22,6.755e-12
166,11,IRAC2,4.5,0.86,179.04,2.7269999999999996e-12
166,12,IRAC3,5.6,1.3,113.85,1.078e-12
166,13,IRAC4,8.5,2.5,62.0,3.227e-13
167,10,IRAC1,3.5,0.68,277.22,6.755e-12
167,11,IRAC2,4.5,0.86,179.04,2.7269999999999996e-12
167,12,IRAC3,5.6,1.3,113.85,1.078e-12
167,13,IRAC4,8.5,2.5,62.0,3.227e-13
167,14,MIPS1,23.2,5.2,7.07,3.936e-15
168,10,IRAC1,3.5,0.68,277.22,6.755e-12
168,11,IRAC2,4.5,0.86,179.04,2.7269999999999996e-12
168,12,IRAC3,5.6,1.3,113.85,1.078e-12
168,13,IRAC4,8.5,2.5,62.0,3.227e-13
168,14,MIPS1,23.2,5.2,7.07,3.936e-15
162,10,IRAC1,3.5,0.68,277.22,6.755e-12
162,11,IRAC2,4.5,0.86,179.04,2.7269999999999996e-12
162,12,IRAC3,5.6,1.3,113.85,1.078e-12
162,13,IRAC4,8.5,2.5,62.0,3.227e-13
162,14,MIPS1,23.2,5.2,7.07,3.936e-15
163,10,IRAC1,3.5,0.68,277.22,6.755e-12
163,11,IRAC2,4.5,0.86,179.04,2.7269999999999996e-12
163,12,IRAC3,5.6,1.3,113.85,1.078e-12
163,13,IRAC4,8.5,2.5,62.0,3.227e-13
163,14,MIPS1,23.2,5.2,7.07,3.936e-15
169,10,IRAC1,3.5,0.68,277.22,6.755e-12
169,11,IRAC2,4.5,0.86,179.04,2.7269999999999996e-12
169,12,IRAC3,5.6,1.3,113.85,1.078e-12
169,13,IRAC4,8.5,2.5,62.0,3.227e-13
169,14,MIPS1,23.2,5.2,7.07,3.936e-15
164,10,IRAC1,3.5,0.68,277.22,6.755e-12
164,11,IRAC2,4.5,0.86,179.04,2.7269999999999996e-12
164,12,IRAC3,5.6,1.3,113.85,1.078e-12
164,13,IRAC4,8.5,2.5,62.0,3.227e-13
164,14,MIPS1,23.2,5.2,7.07,3.936e-15
171,10,IRAC1,3.5,0.68,277.22,6.755e-12
171,11,IRAC2,4.5,0.86,179.04,2.7269999999999996e-12
171,12,IRAC3,5.6,1.3,113.85,1.078e-12
171,13,IRAC4,8.5,2.5,62.0,3.227e-13
171,14,MIPS1,23.2,5.2,7.07,3.936e-15
172,10,IRAC1,3.5,0.68,277.22,6.755e-12
172,11,IRAC2,4.5,0.86,179.04,2.7269999999999996e-12
172,12,IRAC3,5.6,1.3,113.85,1.078e-12
172,13,IRAC4,8.5,2.5,62.0,3.227e-13
172,14,MIPS1,23.2,5.2,7.07,3.936e-15
172,15,MIPS2,68.44,21.3,0.77,4.9270000000000004e-17
173,10,IRAC1,3.5,0.68,277.22,6.755e-12
173,11,IRAC2,4.5,0.86,179.04,2.7269999999999996e-12
173,12,IRAC3,5.6,1.3,113.85,1.078e-12
173,13,IRAC4,8.5,2.5,62.0,3.227e-13
173,14,MIPS1,23.2,5.2,7.07,3.936e-15
173,15,MIPS2,68.44,21.3,0.77,4.9270000000000004e-17
174,10,IRAC1,3.5,0.68,277.22,6.755e-12
174,11,IRAC2,4.5,0.86,179.04,2.7269999999999996e-12
174,12,IRAC3,5.6,1.3,113.85,1.078e-12
174,13,IRAC4,8.5,2.5,62.0,3.227e-13
174,14,MIPS1,23.2,5.2,7.07,3.936e-15
174,15,MIPS2,68.44,21.3,0.77,4.9270000000000004e-17
101,10,IRAC1,3.5,0.68,277.22,6.755e-12
101,11,IRAC2,4.5,0.86,179.04,2.7269999999999996e-12
101,12,IRAC3,5.6,1.3,113.85,1.078e-12
101,13,IRAC4,8.5,2.5,62.0,3.227e-13
101,14,MIPS1,23.2,5.2,7.07,3.936e-15
101,15,MIPS2,68.44,21.3,0.77,4.9270000000000004e-17
101,16,MIPS3,152.6,35.75,0.16,2.0330000000000003e-18
165,10,IRAC1,3.5,0.68,277.22,6.755e-12
165,11,IRAC2,4.5,0.86,179.04,2.7269999999999996e-12
165,12,IRAC3,5.6,1.3,113.85,1.078e-12
165,13,IRAC4,8.5,2.5,62.0,3.227e-13
180,11,IRAC2,4.5,0.86,179.04,2.7269999999999996e-12
180,13,IRAC4,8.5,2.5,62.0,3.227e-13
180,14,MIPS1,23.2,5.2,7.07,3.936e-15
191,11,IRAC2,4.5,0.86,179.04,2.7269999999999996e-12
191,14,MIPS1,23.2,5.2,7.07,3.936e-15
191,15,MIPS2,68.44,21.3,0.77,4.9270000000000004e-17
191,16,MIPS3,152.6,35.75,0.16,2.0330000000000003e-18
192,14,MIPS1,23.2,5.2,7.07,3.936e-15
192,15,MIPS2,68.44,21.3,0.77,4.9270000000000004e-17
94,11,IRAC2,4.5,0.86,179.04,2.7269999999999996e-12
94,13,IRAC4,8.5,2.5,62.0,3.227e-13
94,14,MIPS1,23.2,5.2,7.07,3.936e-15
93,11,IRAC2,4.5,0.86,179.04,2.7269999999999996e-12
93,13,IRAC4,8.5,2.5,62.0,3.227e-13
93,14,MIPS1,23.2,5.2,7.07,3.936e-15
92,11,IRAC2,4.5,0.86,179.04,2.7269999999999996e-12
92,13,IRAC4,8.5,2.5,62.0,3.227e-13
92,14,MIPS1,23.2,5.2,7.07,3.936e-15
91,10,IRAC1,3.5,0.68,277.22,6.755e-12
91,11,IRAC2,4.5,0.86,179.04,2.7269999999999996e-12
91,12,IRAC3,5.6,1.3,113.85,1.078e-12
91,13,IRAC4,8.5,2.5,62.0,3.227e-13
91,14,MIPS1,23.2,5.2,7.07,3.936e-15
90,10,IRAC1,3.5,0.68,277.22,6.755e-12
90,11,IRAC2,4.5,0.86,179.04,2.7269999999999996e-12
90,12,IRAC3,5.6,1.3,113.85,1.078e-12
90,13,IRAC4,8.5,2.5,62.0,3.227e-13
90,14,MIPS1,23.2,5.2,7.07,3.936e-15
89,11,IRAC2,4.5,0.86,179.04,2.7269999999999996e-12
89,13,IRAC4,8.5,2.5,62.0,3.227e-13
89,14,MIPS1,23.2,5.2,7.07,3.936e-15
88,11,IRAC2,4.5,0.86,179.04,2.7269999999999996e-12
88,13,IRAC4,8.5,2.5,62.0,3.227e-13
88,14,MIPS1,23.2,5.2,7.07,3.936e-15
86,10,IRAC1,3.5,0.68,277.22,6.755e-12
86,12,IRAC3,5.6,1.3,113.85,1.078e-12
86,14,MIPS1,23.2,5.2,7.07,3.936e-15
86,15,MIPS2,68.44,21.3,0.77,4.9270000000000004e-17
83,10,IRAC1,3.5,0.68,277.22,6.755e-12
83,11,IRAC2,4.5,0.86,179.04,2.7269999999999996e-12
83,12,IRAC3,5.6,1.3,113.85,1.078e-12
83,13,IRAC4,8.5,2.5,62.0,3.227e-13
83,14,MIPS1,23.2,5.2,7.07,3.936e-15
82,10,IRAC1,3.5,0.68,277.22,6.755e-12
82,11,IRAC2,4.5,0.86,179.04,2.7269999999999996e-12
82,12,IRAC3,5.6,1.3,113.85,1.078e-12
82,13,IRAC4,8.5,2.5,62.0,3.227e-13
82,14,MIPS1,23.2,5.2,7.07,3.936e-15
81,10,IRAC1,3.5,0.68,277.22,6.755e-12
81,11,IRAC2,4.5,0.86,179.04,2.7269999999999996e-12
81,12,IRAC3,5.6,1.3,113.85,1.078e-12
81,13,IRAC4,8.5,2.5,62.0,3.227e-13
81,14,MIPS1,23.2,5.2,7.07,3.936e-15
80,10,IRAC1,3.5,0.68,277.22,6.755e-12
80,11,IRAC2,4.5,0.86,179.04,2.7269999999999996e-12
80,12,IRAC3,5.6,1.3,113.85,1.078e-12
80,13,IRAC4,8.5,2.5,62.0,3.227e-13
80,14,MIPS1,23.2,5.2,7.07,3.936e-15
79,10,IRAC1,3.5,0.68,277.22,6.755e-12
79,11,IRAC2,4.5,0.86,179.04,2.7269999999999996e-12
79,13,IRAC4,8.5,2.5,62.0,3.227e-13
79,14,MIPS1,23.2,5.2,7.07,3.936e-15
78,11,IRAC2,4.5,0.86,179.04,2.7269999999999996e-12
78,13,IRAC4,8.5,2.5,62.0,3.227e-13
78,14,MIPS1,23.2,5.2,7.07,3.936e-15
70,10,IRAC1,3.5,0.68,277.22,6.755e-12
70,11,IRAC2,4.5,0.86,179.04,2.7269999999999996e-12
70,12,IRAC3,5.6,1.3,113.85,1.078e-12
70,13,IRAC4,8.5,2.5,62.0,3.227e-13
70,14,MIPS1,23.2,5.2,7.07,3.936e-15
66,11,IRAC2,4.5,0.86,179.04,2.7269999999999996e-12
66,13,IRAC4,8.5,2.5,62.0,3.227e-13
66,14,MIPS1,23.2,5.2,7.07,3.936e-15
66,15,MIPS2,68.44,21.3,0.77,4.9270000000000004e-17
65,10,IRAC1,3.5,0.68,277.22,6.755e-12
65,11,IRAC2,4.5,0.86,179.04,2.7269999999999996e-12
65,12,IRAC3,5.6,1.3,113.85,1.078e-12
65,13,IRAC4,8.5,2.5,62.0,3.227e-13
65,14,MIPS1,23.2,5.2,7.07,3.936e-15
57,10,IRAC1,3.5,0.68,277.22,6.755e-12
57,11,IRAC2,4.5,0.86,179.04,2.7269999999999996e-12
57,12,IRAC3,5.6,1.3,113.85,1.078e-12
57,13,IRAC4,8.5,2.5,62.0,3.227e-13
57,14,MIPS1,23.2,5.2,7.07,3.936e-15
56,10,IRAC1,3.5,0.68,277.22,6.755e-12
56,11,IRAC2,4.5,0.86,179.04,2.7269999999999996e-12
56,12,IRAC3,5.6,1.3,113.85,1.078e-12
56,13,IRAC4,8.5,2.5,62.0,3.227e-13
56,14,MIPS1,23.2,5.2,7.07,3.936e-15
55,10,IRAC1,3.5,0.68,277.22,6.755e-12
55,11,IRAC2,4.5,0.86,179.04,2.7269999999999996e-12
55,12,IRAC3,5.6,1.3,113.85,1.078e-12
55,13,IRAC4,8.5,2.5,62.0,3.227e-13
55,14,MIPS1,23.2,5.2,7.07,3.936e-15
54,11,IRAC2,4.5,0.86,179.04,2.7269999999999996e-12
54,12,IRAC3,5.6,1.3,113.85,1.078e-12
54,13,IRAC4,8.5,2.5,62.0,3.227e-13
54,14,MIPS1,23.2,5.2,7.07,3.936e-15
53,10,IRAC1,3.5,0.68,277.22,6.755e-12
53,11,IRAC2,4.5,0.86,179.04,2.7269999999999996e-12
53,12,IRAC3,5.6,1.3,113.85,1.078e-12
53,13,IRAC4,8.5,2.5,62.0,3.227e-13
53,14,MIPS1,23.2,5.2,7.07,3.936e-15
52,10,IRAC1,3.5,0.68,277.22,6.755e-12
52,11,IRAC2,4.5,0.86,179.04,2.7269999999999996e-12
52,12,IRAC3,5.6,1.3,113.85,1.078e-12
52,13,IRAC4,8.5,2.5,62.0,3.227e-13
52,14,MIPS1,23.2,5.2,7.07,3.936e-15
44,11,IRAC2,4.5,0.86,179.04,2.7269999999999996e-12
44,13,IRAC4,8.5,2.5,62.0,3.227e-13
44,14,MIPS1,23.2,5.2,7.07,3.936e-15
193,10,IRAC1,3.5,0.68,277.22,6.755e-12
193,11,IRAC2,4.5,0.86,179.04,2.7269999999999996e-12
193,12,IRAC3,5.6,1.3,113.85,1.078e-12
193,13,IRAC4,8.5,2.5,62.0,3.227e-13
193,14,MIPS1,23.2,5.2,7.07,3.936e-15
194,10,IRAC1,3.5,0.68,277.22,6.755e-12
194,11,IRAC2,4.5,0.86,179.04,2.7269999999999996e-12
194,12,IRAC3,5.6,1.3,113.85,1.078e-12
194,13,IRAC4,8.5,2.5,62.0,3.227e-13
194,14,MIPS1,23.2,5.2,7.07,3.936e-15
194,15,MIPS2,68.44,21.3,0.77,4.9270000000000004e-17
195,10,IRAC1,3.5,0.68,277.22,6.755e-12
195,11,IRAC2,4.5,0.86,179.04,2.7269999999999996e-12
195,12,IRAC3,5.6,1.3,113.85,1.078e-12
195,13,IRAC4,8.5,2.5,62.0,3.227e-13
195,14,MIPS1,23.2,5.2,7.07,3.936e-15
195,15,MIPS2,68.44,21.3,0.77,4.9270000000000004e-17
195,16,MIPS3,152.6,35.75,0.16,2.0330000000000003e-18
198,10,IRAC1,3.5,0.68,277.22,6.755e-12
198,11,IRAC2,4.5,0.86,179.04,2.7269999999999996e-12
198,12,IRAC3,5.6,1.3,113.85,1.078e-12
198,13,IRAC4,8.5,2.5,62.0,3.227e-13
199,10,IRAC1,3.5,0.68,277.22,6.755e-12
199,11,IRAC2,4.5,0.86,179.04,2.7269999999999996e-12
199,12,IRAC3,5.6,1.3,113.85,1.078e-12
199,13,IRAC4,8.5,2.5,62.0,3.227e-13
199,14,MIPS1,23.2,5.2,7.07,3.936e-15
200,10,IRAC1,3.5,0.68,277.22,6.755e-12
200,11,IRAC2,4.5,0.86,179.04,2.7269999999999996e-12
200,12,IRAC3,5.6,1.3,113.85,1.078e-12
200,13,IRAC4,8.5,2.5,62.0,3.227e-13
201,10,IRAC1,3.5,0.68,277.22,6.755e-12
201,11,IRAC2,4.5,0.86,179.04,2.7269999999999996e-12
201,12,IRAC3,5.6,1.3,113.85,1.078e-12
201,13,IRAC4,8.5,2.5,62.0,3.227e-13
202,10,IRAC1,3.5,0.68,277.22,6.755e-12
202,11,IRAC2,4.5,0.86,179.04,2.7269999999999996e-12
202,12,IRAC3,5.6,1.3,113.85,1.078e-12
202,13,IRAC4,8.5,2.5,62.0,3.227e-13
202,14,MIPS1,23.2,5.2,7.07,3.936e-15
202,15,MIPS2,68.44,21.3,0.77,4.9270000000000004e-17
203,10,IRAC1,3.5,0.68,277.22,6.755e-12
203,11,IRAC2,4.5,0.86,179.04,2.7269999999999996e-12
203,15,MIPS2,68.44,21.3,0.77,4.9270000000000004e-17
205,10,IRAC1,3.5,0.68,277.22,6.755e-12
205,11,IRAC2,4.5,0.86,179.04,2.7269999999999996e-12
205,12,IRAC3,5.6,1.3,113.85,1.078e-12
205,13,IRAC4,8.5,2.5,62.0,3.227e-13
205,15,MIPS2,68.44,21.3,0.77,4.9270000000000004e-17
196,10,IRAC1,3.5,0.68,277.22,6.755e-12
196,11,IRAC2,4.5,0.86,179.04,2.7269999999999996e-12
196,12,IRAC3,5.6,1.3,113.85,1.078e-12
196,13,IRAC4,8.5,2.5,62.0,3.227e-13
196,14,MIPS1,23.2,5.2,7.07,3.936e-15
196,15,MIPS2,68.44,21.3,0.77,4.9270000000000004e-17
300,10,IRAC1,3.5,0.68,277.22,6.755e-12
300,11,IRAC2,4.5,0.86,179.04,2.7269999999999996e-12
300,12,IRAC3,5.6,1.3,113.85,1.078e-12
300,13,IRAC4,8.5,2.5,62.0,3.227e-13
300,14,MIPS1,23.2,5.2,7.07,3.936e-15
301,10,IRAC1,3.5,0.68,277.22,6.755e-12
301,11,IRAC2,4.5,0.86,179.04,2.7269999999999996e-12
301,12,IRAC3,5.6,1.3,113.85,1.078e-12
301,13,IRAC4,8.5,2.5,62.0,3.227e-13
301,14,MIPS1,23.2,5.2,7.07,3.936e-15
313,10,IRAC1,3.5,0.68,277.22,6.755e-12
313,11,IRAC2,4.5,0.86,179.04,2.7269999999999996e-12
313,12,IRAC3,5.6,1.3,113.85,1.078e-12
313,13,IRAC4,8.5,2.5,62.0,3.227e-13
313,14,MIPS1,23.2,5.2,7.07,3.936e-15
313,15,MIPS2,68.44,21.3,0.77,4.9270000000000004e-17
313,16,MIPS3,152.6,35.75,0.16,2.0330000000000003e-18
314,10,IRAC1,3.5,0.68,277.22,6.755e-12
314,11,IRAC2,4.5,0.86,179.04,2.7269999999999996e-12
314,12,IRAC3,5.6,1.3,113.85,1.078e-12
314,13,IRAC4,8.5,2.5,62.0,3.227e-13
314,14,MIPS1,23.2,5.2,7.07,3.936e-15
314,15,MIPS2,68.44,21.3,0.77,4.9270000000000004e-17
315,10,IRAC1,3.5,0.68,277.22,6.755e-12
315,11,IRAC2,4.5,0.86,179.04,2.7269999999999996e-12
315,12,IRAC3,5.6,1.3,113.85,1.078e-12
315,13,IRAC4,8.5,2.5,62.0,3.227e-13
315,14,MIPS1,23.2,5.2,7.07,3.936e-15
316,10,IRAC1,3.5,0.68,277.22,6.755e-12
316,11,IRAC2,4.5,0.86,179.04,2.7269999999999996e-12
316,12,IRAC3,5.6,1.3,113.85,1.078e-12
316,13,IRAC4,8.5,2.5,62.0,3.227e-13
316,14,MIPS1,23.2,5.2,7.07,3.936e-15
316,15,MIPS2,68.44,21.3,0.77,4.9270000000000004e-17
317,10,IRAC1,3.5,0.68,277.22,6.755e-12
317,11,IRAC2,4.5,0.86,179.04,2.7269999999999996e-12
317,12,IRAC3,5.6,1.3,113.85,1.078e-12
317,13,IRAC4,8.5,2.5,62.0,3.227e-13
317,14,MIPS1,23.2,5.2,7.07,3.936e-15
96,10,IRAC1,3.5,0.68,277.22,6.755e-12
96,11,IRAC2,4.5,0.86,179.04,2.7269999999999996e-12
96,12,IRAC3,5.6,1.3,113.85,1.078e-12
96,13,IRAC4,8.5,2.5,62.0,3.227e-13
96,14,MIPS1,23.2,5.2,7.07,3.936e-15
96,15,MIPS2,68.44,21.3,0.77,4.9270000000000004e-17
208,15,MIPS2,68.44,21.3,0.77,4.9270000000000004e-17
319,10,IRAC1,3.5,0.68,277.22,6.755e-12
319,11,IRAC2,4.5,0.86,179.04,2.7269999999999996e-12
319,12,IRAC3,5.6,1.3,113.85,1.078e-12
319,13,IRAC4,8.5,2.5,62.0,3.227e-13
319,14,MIPS1,23.2,5.2,7.07,3.936e-15
319,15,MIPS2,68.44,21.3,0.77,4.9270000000000004e-17
320,10,IRAC1,3.5,0.68,277.22,6.755e-12
320,11,IRAC2,4.5,0.86,179.04,2.7269999999999996e-12
320,12,IRAC3,5.6,1.3,113.85,1.078e-12
320,13,IRAC4,8.5,2.5,62.0,3.227e-13
320,14,MIPS1,23.2,5.2,7.07,3.936e-15
321,10,IRAC1,3.5,0.68,277.22,6.755e-12
321,11,IRAC2,4.5,0.86,179.04,2.7269999999999996e-12
321,12,IRAC3,5.6,1.3,113.85,1.078e-12
321,13,IRAC4,8.5,2.5,62.0,3.227e-13
321,14,MIPS1,23.2,5.2,7.07,3.936e-15
322,10,IRAC1,3.5,0.68,277.22,6.755e-12
322,11,IRAC2,4.5,0.86,179.04,2.7269999999999996e-12
322,12,IRAC3,5.6,1.3,113.85,1.078e-12
322,13,IRAC4,8.5,2.5,62.0,3.227e-13
322,14,MIPS1,23.2,5.2,7.07,3.936e-15
323,10,IRAC1,3.5,0.68,277.22,6.755e-12
323,11,IRAC2,4.5,0.86,179.04,2.7269999999999996e-12
323,12,IRAC3,5.6,1.3,113.85,1.078e-12
323,13,IRAC4,8.5,2.5,62.0,3.227e-13
323,14,MIPS1,23.2,5.2,7.07,3.936e-15
324,10,IRAC1,3.5,0.68,277.22,6.755e-12
324,11,IRAC2,4.5,0.86,179.04,2.7269999999999996e-12
324,12,IRAC3,5.6,1.3,113.85,1.078e-12
324,13,IRAC4,8.5,2.5,62.0,3.227e-13
324,14,MIPS1,23.2,5.2,7.07,3.936e-15
325,10,IRAC1,3.5,0.68,277.22,6.755e-12
325,11,IRAC2,4.5,0.86,179.04,2.7269999999999996e-12
325,12,IRAC3,5.6,1.3,113.85,1.078e-12
325,13,IRAC4,8.5,2.5,62.0,3.227e-13
325,14,MIPS1,23.2,5.2,7.07,3.936e-15
327,10,IRAC1,3.5,0.68,277.22,6.755e-12
327,11,IRAC2,4.5,0.86,179.04,2.7269999999999996e-12
327,12,IRAC3,5.6,1.3,113.85,1.078e-12
327,13,IRAC4,8.5,2.5,62.0,3.227e-13
327,14,MIPS1,23.2,5.2,7.07,3.936e-15
327,15,MIPS2,68.44,21.3,0.77,4.9270000000000004e-17
3,17,PACS70,68.9,21.41,0.78,4.8909999999999996e-17
3,18,PACS100,97.9,31.29,0.38,1.1830000000000001e-17
3,19,PACS160,153.9,69.8,0.14,1.816e-18
35,17,PACS70,68.9,21.41,0.78,4.8909999999999996e-17
35,18,PACS100,97.9,31.29,0.38,1.1830000000000001e-17
35,19,PACS160,153.9,69.8,0.14,1.816e-18
35,20,SPIRE250,242.3,67.6,0.06,3.088e-19
35,21,SPIRE350,340.9,95.7,0.03,7.815000000000001e-20
35,22,SPIRE500,482.3,185.6,0.01,1.8230000000000003e-20
97,17,PACS70,68.9,21.41,0.78,4.8909999999999996e-17
97,19,PACS160,153.9,69.8,0.14,1.816e-18
97,20,SPIRE250,242.3,67.6,0.06,3.088e-19
97,21,SPIRE350,340.9,95.7,0.03,7.815000000000001e-20
97,22,SPIRE500,482.3,185.6,0.01,1.8230000000000003e-20
0,17,PACS70,68.9,21.41,0.78,4.8909999999999996e-17
0,18,PACS100,97.9,31.29,0.38,1.1830000000000001e-17
0,19,PACS160,153.9,69.8,0.14,1.816e-18
0,20,SPIRE250,242.3,67.6,0.06,3.088e-19
0,21,SPIRE350,340.9,95.7,0.03,7.815000000000001e-20
0,22,SPIRE500,482.3,185.6,0.01,1.8230000000000003e-20
1,17,PACS70,68.9,21.41,0.78,4.8909999999999996e-17
1,18,PACS100,97.9,31.29,0.38,1.1830000000000001e-17
1,19,PACS160,153.9,69.8,0.14,1.816e-18
1,20,SPIRE250,242.3,67.6,0.06,3.088e-19
1,21,SPIRE350,340.9,95.7,0.03,7.815000000000001e-20
1,22,SPIRE500,482.3,185.6,0.01,1.8230000000000003e-20
2,17,PACS70,68.9,21.41,0.78,4.8909999999999996e-17
2,18,PACS100,97.9,31.29,0.38,1.1830000000000001e-17
2,19,PACS160,153.9,69.8,0.14,1.816e-18
2,20,SPIRE250,242.3,67.6,0.06,3.088e-19
2,21,SPIRE350,340.9,95.7,0.03,7.815000000000001e-20
2,22,SPIRE500,482.3,185.6,0.01,1.8230000000000003e-20
4,17,PACS70,68.9,21.41,0.78,4.8909999999999996e-17
4,19,PACS160,153.9,69.8,0.14,1.816e-18
4,20,SPIRE250,242.3,67.6,0.06,3.088e-19
5,18,PACS100,97.9,31.29,0.38,1.1830000000000001e-17
5,19,PACS160,153.9,69.8,0.14,1.816e-18
5,20,SPIRE250,242.3,67.6,0.06,3.088e-19
5,22,SPIRE500,482.3,185.6,0.01,1.8230000000000003e-20
6,18,PACS100,97.9,31.29,0.38,1.1830000000000001e-17
6,19,PACS160,153.9,69.8,0.14,1.816e-18
6,20,SPIRE250,242.3,67.6,0.06,3.088e-19
7,17,PACS70,68.9,21.41,0.78,4.8909999999999996e-17
7,18,PACS100,97.9,31.29,0.38,1.1830000000000001e-17
7,19,PACS160,153.9,69.8,0.14,1.816e-18
7,20,SPIRE250,242.3,67.6,0.06,3.088e-19
7,21,SPIRE350,340.9,95.7,0.03,7.815000000000001e-20
7,22,SPIRE500,482.3,185.6,0.01,1.8230000000000003e-20
8,17,PACS70,68.9,21.41,0.78,4.8909999999999996e-17
8,18,PACS100,97.9,31.29,0.38,1.1830000000000001e-17
8,19,PACS160,153.9,69.8,0.14,1.816e-18
8,20,SPIRE250,242.3,67.6,0.06,3.088e-19
8,21,SPIRE350,340.9,95.7,0.03,7.815000000000001e-20
8,22,SPIRE500,482.3,185.6,0.01,1.8230000000000003e-20
9,17,PACS70,68.9,21.41,0.78,4.8909999999999996e-17
9,18,PACS100,97.9,31.29,0.38,1.1830000000000001e-17
9,19,PACS160,153.9,69.8,0.14,1.816e-18
9,20,SPIRE250,242.3,67.6,0.06,3.088e-19
9,21,SPIRE350,340.9,95.7,0.03,7.815000000000001e-20
9,22,SPIRE500,482.3,185.6,0.01,1.8230000000000003e-20
10,17,PACS70,68.9,21.41,0.78,4.8909999999999996e-17
10,18,PACS100,97.9,31.29,0.38,1.1830000000000001e-17
10,19,PACS160,153.9,69.8,0.14,1.816e-18
11,17,PACS70,68.9,21.41,0.78,4.8909999999999996e-17
11,18,PACS100,97.9,31.29,0.38,1.1830000000000001e-17
11,19,PACS160,153.9,69.8,0.14,1.816e-18
11,20,SPIRE250,242.3,67.6,0.06,3.088e-19
11,21,SPIRE350,340.9,95.7,0.03,7.815000000000001e-20
11,22,SPIRE500,482.3,185.6,0.01,1.8230000000000003e-20
12,18,PACS100,97.9,31.29,0.38,1.1830000000000001e-17
12,19,PACS160,153.9,69.8,0.14,1.816e-18
12,20,SPIRE250,242.3,67.6,0.06,3.088e-19
12,21,SPIRE350,340.9,95.7,0.03,7.815000000000001e-20
12,22,SPIRE500,482.3,185.6,0.01,1.8230000000000003e-20
13,17,PACS70,68.9,21.41,0.78,4.8909999999999996e-17
13,18,PACS100,97.9,31.29,0.38,1.1830000000000001e-17
13,19,PACS160,153.9,69.8,0.14,1.816e-18
14,17,PACS70,68.9,21.41,0.78,4.8909999999999996e-17
14,19,PACS160,153.9,69.8,0.14,1.816e-18
14,20,SPIRE250,242.3,67.6,0.06,3.088e-19
14,21,SPIRE350,340.9,95.7,0.03,7.815000000000001e-20
15,17,PACS70,68.9,21.41,0.78,4.8909999999999996e-17
15,18,PACS100,97.9,31.29,0.38,1.1830000000000001e-17
15,19,PACS160,153.9,69.8,0.14,1.816e-18
15,20,SPIRE250,242.3,67.6,0.06,3.088e-19
15,21,SPIRE350,340.9,95.7,0.03,7.815000000000001e-20
16,17,PACS70,68.9,21.41,0.78,4.8909999999999996e-17
16,18,PACS100,97.9,31.29,0.38,1.1830000000000001e-17
16,19,PACS160,153.9,69.8,0.14,1.816e-18
16,20,SPIRE250,242.3,67.6,0.06,3.088e-19
16,21,SPIRE350,340.9,95.7,0.03,7.815000000000001e-20
16,22,SPIRE500,482.3,185.6,0.01,1.8230000000000003e-20
17,17,PACS70,68.9,21.41,0.78,4.8909999999999996e-17
17,18,PACS100,97.9,31.29,0.38,1.1830000000000001e-17
17,19,PACS160,153.9,69.8,0.14,1.816e-18
17,20,SPIRE250,242.3,67.6,0.06,3.088e-19
18,17,PACS70,68.9,21.41,0.78,4.8909999999999996e-17
18,18,PACS100,97.9,31.29,0.38,1.1830000000000001e-17
18,19,PACS160,153.9,69.8,0.14,1.816e-18
18,20,SPIRE250,242.3,67.6,0.06,3.088e-19
18,22,SPIRE500,482.3,185.6,0.01,1.8230000000000003e-20
19,17,PACS70,68.9,21.41,0.78,4.8909999999999996e-17
19,18,PACS100,97.9,31.29,0.38,1.1830000000000001e-17
19,19,PACS160,153.9,69.8,0.14,1.816e-18
19,20,SPIRE250,242.3,67.6,0.06,3.088e-19
20,17,PACS70,68.9,21.41,0.78,4.8909999999999996e-17
20,18,PACS100,97.9,31.29,0.38,1.1830000000000001e-17
20,19,PACS160,153.9,69.8,0.14,1.816e-18
20,20,SPIRE250,242.3,67.6,0.06,3.088e-19
20,21,SPIRE350,340.9,95.7,0.03,7.815000000000001e-20
20,22,SPIRE500,482.3,185.6,0.01,1.8230000000000003e-20
21,17,PACS70,68.9,21.41,0.78,4.8909999999999996e-17
21,18,PACS100,97.9,31.29,0.38,1.1830000000000001e-17
21,20,SPIRE250,242.3,67.6,0.06,3.088e-19
22,17,PACS70,68.9,21.41,0.78,4.8909999999999996e-17
22,18,PACS100,97.9,31.29,0.38,1.1830000000000001e-17
22,19,PACS160,153.9,69.8,0.14,1.816e-18
22,20,SPIRE250,242.3,67.6,0.06,3.088e-19
22,21,SPIRE350,340.9,95.7,0.03,7.815000000000001e-20
22,22,SPIRE500,482.3,185.6,0.01,1.8230000000000003e-20
23,17,PACS70,68.9,21.41,0.78,4.8909999999999996e-17
23,18,PACS100,97.9,31.29,0.38,1.1830000000000001e-17
23,19,PACS160,153.9,69.8,0.14,1.816e-18
23,20,SPIRE250,242.3,67.6,0.06,3.088e-19
23,21,SPIRE350,340.9,95.7,0.03,7.815000000000001e-20
23,22,SPIRE500,482.3,185.6,0.01,1.8230000000000003e-20
25,17,PACS70,68.9,21.41,0.78,4.8909999999999996e-17
25,18,PACS100,97.9,31.29,0.38,1.1830000000000001e-17
25,19,PACS160,153.9,69.8,0.14,1.816e-18
25,20,SPIRE250,242.3,67.6,0.06,3.088e-19
25,22,SPIRE500,482.3,185.6,0.01,1.8230000000000003e-20
24,17,PACS70,68.9,21.41,0.78,4.8909999999999996e-17
24,18,PACS100,97.9,31.29,0.38,1.1830000000000001e-17
24,19,PACS160,153.9,69.8,0.14,1.816e-18
24,20,SPIRE250,242.3,67.6,0.06,3.088e-19
24,21,SPIRE350,340.9,95.7,0.03,7.815000000000001e-20
26,17,PACS70,68.9,21.41,0.78,4.8909999999999996e-17
26,18,PACS100,97.9,31.29,0.38,1.1830000000000001e-17
26,19,PACS160,153.9,69.8,0.14,1.816e-18
26,20,SPIRE250,242.3,67.6,0.06,3.088e-19
27,17,PACS70,68.9,21.41,0.78,4.8909999999999996e-17
27,18,PACS100,97.9,31.29,0.38,1.1830000000000001e-17
27,19,PACS160,153.9,69.8,0.14,1.816e-18
27,20,SPIRE250,242.3,67.6,0.06,3.088e-19
28,17,PACS70,68.9,21.41,0.78,4.8909999999999996e-17
28,18,PACS100,97.9,31.29,0.38,1.1830000000000001e-17
28,19,PACS160,153.9,69.8,0.14,1.816e-18
28,20,SPIRE250,242.3,67.6,0.06,3.088e-19
29,17,PACS70,68.9,21.41,0.78,4.8909999999999996e-17
29,18,PACS100,97.9,31.29,0.38,1.1830000000000001e-17
29,19,PACS160,153.9,69.8,0.14,1.816e-18
29,20,SPIRE250,242.3,67.6,0.06,3.088e-19
29,21,SPIRE350,340.9,95.7,0.03,7.815000000000001e-20
29,22,SPIRE500,482.3,185.6,0.01,1.8230000000000003e-20
30,17,PACS70,68.9,21.41,0.78,4.8909999999999996e-17
30,18,PACS100,97.9,31.29,0.38,1.1830000000000001e-17
30,19,PACS160,153.9,69.8,0.14,1.816e-18
30,20,SPIRE250,242.3,67.6,0.06,3.088e-19
30,21,SPIRE350,340.9,95.7,0.03,7.815000000000001e-20
30,22,SPIRE500,482.3,185.6,0.01,1.8230000000000003e-20
31,17,PACS70,68.9,21.41,0.78,4.8909999999999996e-17
31,18,PACS100,97.9,31.29,0.38,1.1830000000000001e-17
31,19,PACS160,153.9,69.8,0.14,1.816e-18
31,20,SPIRE250,242.3,67.6,0.06,3.088e-19
32,17,PACS70,68.9,21.41,0.78,4.8909999999999996e-17
32,18,PACS100,97.9,31.29,0.38,1.1830000000000001e-17
32,19,PACS160,153.9,69.8,0.14,1.816e-18
32,20,SPIRE250,242.3,67.6,0.06,3.088e-19
32,21,SPIRE350,340.9,95.7,0.03,7.815000000000001e-20
32,22,SPIRE500,482.3,185.6,0.01,1.8230000000000003e-20
33,17,PACS70,68.9,21.41,0.78,4.8909999999999996e-17
33,19,PACS160,153.9,69.8,0.14,1.816e-18
33,20,SPIRE250,242.3,67.6,0.06,3.088e-19
33,21,SPIRE350,340.9,95.7,0.03,7.815000000000001e-20
33,22,SPIRE500,482.3,185.6,0.01,1.8230000000000003e-20
34,18,PACS100,97.9,31.29,0.38,1.1830000000000001e-17
34,19,PACS160,153.9,69.8,0.14,1.816e-18
34,20,SPIRE250,242.3,67.6,0.06,3.088e-19
34,21,SPIRE350,340.9,95.7,0.03,7.815000000000001e-20
34,22,SPIRE500,482.3,185.6,0.01,1.8230000000000003e-20
37,17,PACS70,68.9,21.41,0.78,4.8909999999999996e-17
37,18,PACS100,97.9,31.29,0.38,1.1830000000000001e-17
37,19,PACS160,153.9,69.8,0.14,1.816e-18
37,20,SPIRE250,242.3,67.6,0.06,3.088e-19
37,21,SPIRE350,340.9,95.7,0.03,7.815000000000001e-20
37,22,SPIRE500,482.3,185.6,0.01,1.8230000000000003e-20
38,18,PACS100,97.9,31.29,0.38,1.1830000000000001e-17
38,19,PACS160,153.9,69.8,0.14,1.816e-18
38,20,SPIRE250,242.3,67.6,0.06,3.088e-19
38,21,SPIRE350,340.9,95.7,0.03,7.815000000000001e-20
38,22,SPIRE500,482.3,185.6,0.01,1.8230000000000003e-20
39,18,PACS100,97.9,31.29,0.38,1.1830000000000001e-17
39,20,SPIRE250,242.3,67.6,0.06,3.088e-19
39,21,SPIRE350,340.9,95.7,0.03,7.815000000000001e-20
39,22,SPIRE500,482.3,185.6,0.01,1.8230000000000003e-20
40,17,PACS70,68.9,21.41,0.78,4.8909999999999996e-17
40,18,PACS100,97.9,31.29,0.38,1.1830000000000001e-17
40,19,PACS160,153.9,69.8,0.14,1.816e-18
40,20,SPIRE250,242.3,67.6,0.06,3.088e-19
40,22,SPIRE500,482.3,185.6,0.01,1.8230000000000003e-20
41,17,PACS70,68.9,21.41,0.78,4.8909999999999996e-17
41,18,PACS100,97.9,31.29,0.38,1.1830000000000001e-17
41,19,PACS160,153.9,69.8,0.14,1.816e-18
41,20,SPIRE250,242.3,67.6,0.06,3.088e-19
41,21,SPIRE350,340.9,95.7,0.03,7.815000000000001e-20
41,22,SPIRE500,482.3,185.6,0.01,1.8230000000000003e-20
42,17,PACS70,68.9,21.41,0.78,4.8909999999999996e-17
42,18,PACS100,97.9,31.29,0.38,1.1830000000000001e-17
42,19,PACS160,153.9,69.8,0.14,1.816e-18
42,20,SPIRE250,242.3,67.6,0.06,3.088e-19
42,21,SPIRE350,340.9,95.7,0.03,7.815000000000001e-20
42,22,SPIRE500,482.3,185.6,0.01,1.8230000000000003e-20
43,17,PACS70,68.9,21.41,0.78,4.8909999999999996e-17
43,18,PACS100,97.9,31.29,0.38,1.1830000000000001e-17
43,19,PACS160,153.9,69.8,0.14,1.816e-18
43,20,SPIRE250,242.3,67.6,0.06,3.088e-19
43,21,SPIRE350,340.9,95.7,0.03,7.815000000000001e-20
43,22,SPIRE500,482.3,185.6,0.01,1.8230000000000003e-20
45,20,SPIRE250,242.3,67.6,0.06,3.088e-19
46,20,SPIRE250,242.3,67.6,0.06,3.088e-19
46,21,SPIRE350,340.9,95.7,0.03,7.815000000000001e-20
46,22,SPIRE500,482.3,185.6,0.01,1.8230000000000003e-20
47,17,PACS70,68.9,21.41,0.78,4.8909999999999996e-17
47,18,PACS100,97.9,31.29,0.38,1.1830000000000001e-17
47,20,SPIRE250,242.3,67.6,0.06,3.088e-19
48,17,PACS70,68.9,21.41,0.78,4.8909999999999996e-17
48,18,PACS100,97.9,31.29,0.38,1.1830000000000001e-17
48,19,PACS160,153.9,69.8,0.14,1.816e-18
48,20,SPIRE250,242.3,67.6,0.06,3.088e-19
48,21,SPIRE350,340.9,95.7,0.03,7.815000000000001e-20
49,18,PACS100,97.9,31.29,0.38,1.1830000000000001e-17
49,19,PACS160,153.9,69.8,0.14,1.816e-18
49,20,SPIRE250,242.3,67.6,0.06,3.088e-19
50,17,PACS70,68.9,21.41,0.78,4.8909999999999996e-17
50,18,PACS100,97.9,31.29,0.38,1.1830000000000001e-17
50,20,SPIRE250,242.3,67.6,0.06,3.088e-19
50,21,SPIRE350,340.9,95.7,0.03,7.815000000000001e-20
50,22,SPIRE500,482.3,185.6,0.01,1.8230000000000003e-20
64,20,SPIRE250,242.3,67.6,0.06,3.088e-19
67,17,PACS70,68.9,21.41,0.78,4.8909999999999996e-17
67,18,PACS100,97.9,31.29,0.38,1.1830000000000001e-17
68,17,PACS70,68.9,21.41,0.78,4.8909999999999996e-17
68,18,PACS100,97.9,31.29,0.38,1.1830000000000001e-17
68,19,PACS160,153.9,69.8,0.14,1.816e-18
68,20,SPIRE250,242.3,67.6,0.06,3.088e-19
69,17,PACS70,68.9,21.41,0.78,4.8909999999999996e-17
69,18,PACS100,97.9,31.29,0.38,1.1830000000000001e-17
71,17,PACS70,68.9,21.41,0.78,4.8909999999999996e-17
71,18,PACS100,97.9,31.29,0.38,1.1830000000000001e-17
71,19,PACS160,153.9,69.8,0.14,1.816e-18
71,20,SPIRE250,242.3,67.6,0.06,3.088e-19
71,21,SPIRE350,340.9,95.7,0.03,7.815000000000001e-20
71,22,SPIRE500,482.3,185.6,0.01,1.8230000000000003e-20
72,17,PACS70,68.9,21.41,0.78,4.8909999999999996e-17
72,18,PACS100,97.9,31.29,0.38,1.1830000000000001e-17
72,20,SPIRE250,242.3,67.6,0.06,3.088e-19
73,17,PACS70,68.9,21.41,0.78,4.8909999999999996e-17
73,18,PACS100,97.9,31.29,0.38,1.1830000000000001e-17
74,17,PACS70,68.9,21.41,0.78,4.8909999999999996e-17
74,18,PACS100,97.9,31.29,0.38,1.1830000000000001e-17
74,19,PACS160,153.9,69.8,0.14,1.816e-18
74,20,SPIRE250,242.3,67.6,0.06,3.088e-19
74,22,SPIRE500,482.3,185.6,0.01,1.8230000000000003e-20
75,17,PACS70,68.9,21.41,0.78,4.8909999999999996e-17
75,18,PACS100,97.9,31.29,0.38,1.1830000000000001e-17
75,19,PACS160,153.9,69.8,0.14,1.816e-18
75,20,SPIRE250,242.3,67.6,0.06,3.088e-19
76,17,PACS70,68.9,21.41,0.78,4.8909999999999996e-17
76,18,PACS100,97.9,31.29,0.38,1.1830000000000001e-17
76,19,PACS160,153.9,69.8,0.14,1.816e-18
76,20,SPIRE250,242.3,67.6,0.06,3.088e-19
76,21,SPIRE350,340.9,95.7,0.03,7.815000000000001e-20
76,22,SPIRE500,482.3,185.6,0.01,1.8230000000000003e-20
77,17,PACS70,68.9,21.41,0.78,4.8909999999999996e-17
77,18,PACS100,97.9,31.29,0.38,1.1830000000000001e-17
51,17,PACS70,68.9,21.41,0.78,4.8909999999999996e-17
51,18,PACS100,97.9,31.29,0.38,1.1830000000000001e-17
51,19,PACS160,153.9,69.8,0.14,1.816e-18
51,20,SPIRE250,242.3,67.6,0.06,3.088e-19
51,21,SPIRE350,340.9,95.7,0.03,7.815000000000001e-20
51,22,SPIRE500,482.3,185.6,0.01,1.8230000000000003e-20
58,18,PACS100,97.9,31.29,0.38,1.1830000000000001e-17
58,19,PACS160,153.9,69.8,0.14,1.816e-18
58,20,SPIRE250,242.3,67.6,0.06,3.088e-19
59,17,PACS70,68.9,21.41,0.78,4.8909999999999996e-17
59,20,SPIRE250,242.3,67.6,0.06,3.088e-19
60,17,PACS70,68.9,21.41,0.78,4.8909999999999996e-17
60,18,PACS100,97.9,31.29,0.38,1.1830000000000001e-17
60,19,PACS160,153.9,69.8,0.14,1.816e-18
60,20,SPIRE250,242.3,67.6,0.06,3.088e-19
60,21,SPIRE350,340.9,95.7,0.03,7.815000000000001e-20
60,22,SPIRE500,482.3,185.6,0.01,1.8230000000000003e-20
61,18,PACS100,97.9,31.29,0.38,1.1830000000000001e-17
61,19,PACS160,153.9,69.8,0.14,1.816e-18
61,20,SPIRE250,242.3,67.6,0.06,3.088e-19
61,21,SPIRE350,340.9,95.7,0.03,7.815000000000001e-20
61,22,SPIRE500,482.3,185.6,0.01,1.8230000000000003e-20
62,17,PACS70,68.9,21.41,0.78,4.8909999999999996e-17
62,18,PACS100,97.9,31.29,0.38,1.1830000000000001e-17
62,19,PACS160,153.9,69.8,0.14,1.816e-18
62,20,SPIRE250,242.3,67.6,0.06,3.088e-19
62,21,SPIRE350,340.9,95.7,0.03,7.815000000000001e-20
62,22,SPIRE500,482.3,185.6,0.01,1.8230000000000003e-20
63,17,PACS70,68.9,21.41,0.78,4.8909999999999996e-17
63,19,PACS160,153.9,69.8,0.14,1.816e-18
63,20,SPIRE250,242.3,67.6,0.06,3.088e-19
63,21,SPIRE350,340.9,95.7,0.03,7.815000000000001e-20
63,22,SPIRE500,482.3,185.6,0.01,1.8230000000000003e-20
84,17,PACS70,68.9,21.41,0.78,4.8909999999999996e-17
84,18,PACS100,97.9,31.29,0.38,1.1830000000000001e-17
84,19,PACS160,153.9,69.8,0.14,1.816e-18
84,20,SPIRE250,242.3,67.6,0.06,3.088e-19
84,21,SPIRE350,340.9,95.7,0.03,7.815000000000001e-20
85,17,PACS70,68.9,21.41,0.78,4.8909999999999996e-17
85,19,PACS160,153.9,69.8,0.14,1.816e-18
85,20,SPIRE250,242.3,67.6,0.06,3.088e-19
85,21,SPIRE350,340.9,95.7,0.03,7.815000000000001e-20
85,22,SPIRE500,482.3,185.6,0.01,1.8230000000000003e-20
87,17,PACS70,68.9,21.41,0.78,4.8909999999999996e-17
87,18,PACS100,97.9,31.29,0.38,1.1830000000000001e-17
87,19,PACS160,153.9,69.8,0.14,1.816e-18
87,20,SPIRE250,242.3,67.6,0.06,3.088e-19
166,17,PACS70,68.9,21.41,0.78,4.8909999999999996e-17
166,19,PACS160,153.9,69.8,0.14,1.816e-18
166,20,SPIRE250,242.3,67.6,0.06,3.088e-19
166,22,SPIRE500,482.3,185.6,0.01,1.8230000000000003e-20
167,17,PACS70,68.9,21.41,0.78,4.8909999999999996e-17
167,19,PACS160,153.9,69.8,0.14,1.816e-18
167,20,SPIRE250,242.3,67.6,0.06,3.088e-19
167,21,SPIRE350,340.9,95.7,0.03,7.815000000000001e-20
167,22,SPIRE500,482.3,185.6,0.01,1.8230000000000003e-20
168,17,PACS70,68.9,21.41,0.78,4.8909999999999996e-17
168,19,PACS160,153.9,69.8,0.14,1.816e-18
168,20,SPIRE250,242.3,67.6,0.06,3.088e-19
168,21,SPIRE350,340.9,95.7,0.03,7.815000000000001e-20
168,22,SPIRE500,482.3,185.6,0.01,1.8230000000000003e-20
162,17,PACS70,68.9,21.41,0.78,4.8909999999999996e-17
162,19,PACS160,153.9,69.8,0.14,1.816e-18
162,20,SPIRE250,242.3,67.6,0.06,3.088e-19
162,21,SPIRE350,340.9,95.7,0.03,7.815000000000001e-20
162,22,SPIRE500,482.3,185.6,0.01,1.8230000000000003e-20
163,17,PACS70,68.9,21.41,0.78,4.8909999999999996e-17
163,19,PACS160,153.9,69.8,0.14,1.816e-18
163,20,SPIRE250,242.3,67.6,0.06,3.088e-19
163,21,SPIRE350,340.9,95.7,0.03,7.815000000000001e-20
163,22,SPIRE500,482.3,185.6,0.01,1.8230000000000003e-20
169,17,PACS70,68.9,21.41,0.78,4.8909999999999996e-17
169,19,PACS160,153.9,69.8,0.14,1.816e-18
169,20,SPIRE250,242.3,67.6,0.06,3.088e-19
169,21,SPIRE350,340.9,95.7,0.03,7.815000000000001e-20
169,22,SPIRE500,482.3,185.6,0.01,1.8230000000000003e-20
164,17,PACS70,68.9,21.41,0.78,4.8909999999999996e-17
164,19,PACS160,153.9,69.8,0.14,1.816e-18
164,20,SPIRE250,242.3,67.6,0.06,3.088e-19
164,21,SPIRE350,340.9,95.7,0.03,7.815000000000001e-20
164,22,SPIRE500,482.3,185.6,0.01,1.8230000000000003e-20
171,17,PACS70,68.9,21.41,0.78,4.8909999999999996e-17
171,19,PACS160,153.9,69.8,0.14,1.816e-18
171,20,SPIRE250,242.3,67.6,0.06,3.088e-19
171,21,SPIRE350,340.9,95.7,0.03,7.815000000000001e-20
171,22,SPIRE500,482.3,185.6,0.01,1.8230000000000003e-20
172,17,PACS70,68.9,21.41,0.78,4.8909999999999996e-17
172,19,PACS160,153.9,69.8,0.14,1.816e-18
172,20,SPIRE250,242.3,67.6,0.06,3.088e-19
172,21,SPIRE350,340.9,95.7,0.03,7.815000000000001e-20
172,22,SPIRE500,482.3,185.6,0.01,1.8230000000000003e-20
173,17,PACS70,68.9,21.41,0.78,4.8909999999999996e-17
173,18,PACS100,97.9,31.29,0.38,1.1830000000000001e-17
173,19,PACS160,153.9,69.8,0.14,1.816e-18
174,17,PACS70,68.9,21.41,0.78,4.8909999999999996e-17
174,18,PACS100,97.9,31.29,0.38,1.1830000000000001e-17
174,19,PACS160,153.9,69.8,0.14,1.816e-18
165,17,PACS70,68.9,21.41,0.78,4.8909999999999996e-17
165,19,PACS160,153.9,69.8,0.14,1.816e-18
165,20,SPIRE250,242.3,67.6,0.06,3.088e-19
165,21,SPIRE350,340.9,95.7,0.03,7.815000000000001e-20
165,22,SPIRE500,482.3,185.6,0.01,1.8230000000000003e-20
177,17,PACS70,68.9,21.41,0.78,4.8909999999999996e-17
177,19,PACS160,153.9,69.8,0.14,1.816e-18
177,20,SPIRE250,242.3,67.6,0.06,3.088e-19
177,21,SPIRE350,340.9,95.7,0.03,7.815000000000001e-20
177,22,SPIRE500,482.3,185.6,0.01,1.8230000000000003e-20
178,17,PACS70,68.9,21.41,0.78,4.8909999999999996e-17
178,18,PACS100,97.9,31.29,0.38,1.1830000000000001e-17
178,19,PACS160,153.9,69.8,0.14,1.816e-18
178,20,SPIRE250,242.3,67.6,0.06,3.088e-19
178,21,SPIRE350,340.9,95.7,0.03,7.815000000000001e-20
178,22,SPIRE500,482.3,185.6,0.01,1.8230000000000003e-20
179,17,PACS70,68.9,21.41,0.78,4.8909999999999996e-17
179,18,PACS100,97.9,31.29,0.38,1.1830000000000001e-17
179,19,PACS160,153.9,69.8,0.14,1.816e-18
179,20,SPIRE250,242.3,67.6,0.06,3.088e-19
179,21,SPIRE350,340.9,95.7,0.03,7.815000000000001e-20
179,22,SPIRE500,482.3,185.6,0.01,1.8230000000000003e-20
180,17,PACS70,68.9,21.41,0.78,4.8909999999999996e-17
180,18,PACS100,97.9,31.29,0.38,1.1830000000000001e-17
180,19,PACS160,153.9,69.8,0.14,1.816e-18
180,20,SPIRE250,242.3,67.6,0.06,3.088e-19
180,21,SPIRE350,340.9,95.7,0.03,7.815000000000001e-20
180,22,SPIRE500,482.3,185.6,0.01,1.8230000000000003e-20
181,17,PACS70,68.9,21.41,0.78,4.8909999999999996e-17
181,18,PACS100,97.9,31.29,0.38,1.1830000000000001e-17
181,19,PACS160,153.9,69.8,0.14,1.816e-18
181,20,SPIRE250,242.3,67.6,0.06,3.088e-19
181,21,SPIRE350,340.9,95.7,0.03,7.815000000000001e-20
181,22,SPIRE500,482.3,185.6,0.01,1.8230000000000003e-20
182,17,PACS70,68.9,21.41,0.78,4.8909999999999996e-17
182,18,PACS100,97.9,31.29,0.38,1.1830000000000001e-17
182,19,PACS160,153.9,69.8,0.14,1.816e-18
182,20,SPIRE250,242.3,67.6,0.06,3.088e-19
182,21,SPIRE350,340.9,95.7,0.03,7.815000000000001e-20
182,22,SPIRE500,482.3,185.6,0.01,1.8230000000000003e-20
183,17,PACS70,68.9,21.41,0.78,4.8909999999999996e-17
183,18,PACS100,97.9,31.29,0.38,1.1830000000000001e-17
183,19,PACS160,153.9,69.8,0.14,1.816e-18
183,20,SPIRE250,242.3,67.6,0.06,3.088e-19
183,21,SPIRE350,340.9,95.7,0.03,7.815000000000001e-20
183,22,SPIRE500,482.3,185.6,0.01,1.8230000000000003e-20
184,17,PACS70,68.9,21.41,0.78,4.8909999999999996e-17
184,18,PACS100,97.9,31.29,0.38,1.1830000000000001e-17
184,19,PACS160,153.9,69.8,0.14,1.816e-18
184,20,SPIRE250,242.3,67.6,0.06,3.088e-19
184,21,SPIRE350,340.9,95.7,0.03,7.815000000000001e-20
184,22,SPIRE500,482.3,185.6,0.01,1.8230000000000003e-20
185,17,PACS70,68.9,21.41,0.78,4.8909999999999996e-17
185,18,PACS100,97.9,31.29,0.38,1.1830000000000001e-17
185,19,PACS160,153.9,69.8,0.14,1.816e-18
185,20,SPIRE250,242.3,67.6,0.06,3.088e-19
185,21,SPIRE350,340.9,95.7,0.03,7.815000000000001e-20
185,22,SPIRE500,482.3,185.6,0.01,1.8230000000000003e-20
186,17,PACS70,68.9,21.41,0.78,4.8909999999999996e-17
186,19,PACS160,153.9,69.8,0.14,1.816e-18
186,20,SPIRE250,242.3,67.6,0.06,3.088e-19
186,21,SPIRE350,340.9,95.7,0.03,7.815000000000001e-20
186,22,SPIRE500,482.3,185.6,0.01,1.8230000000000003e-20
187,17,PACS70,68.9,21.41,0.78,4.8909999999999996e-17
187,18,PACS100,97.9,31.29,0.38,1.1830000000000001e-17
187,19,PACS160,153.9,69.8,0.14,1.816e-18
187,21,SPIRE350,340.9,95.7,0.03,7.815000000000001e-20
187,22,SPIRE500,482.3,185.6,0.01,1.8230000000000003e-20
188,17,PACS70,68.9,21.41,0.78,4.8909999999999996e-17
188,18,PACS100,97.9,31.29,0.38,1.1830000000000001e-17
188,19,PACS160,153.9,69.8,0.14,1.816e-18
189,17,PACS70,68.9,21.41,0.78,4.8909999999999996e-17
189,18,PACS100,97.9,31.29,0.38,1.1830000000000001e-17
189,19,PACS160,153.9,69.8,0.14,1.816e-18
189,20,SPIRE250,242.3,67.6,0.06,3.088e-19
189,21,SPIRE350,340.9,95.7,0.03,7.815000000000001e-20
189,22,SPIRE500,482.3,185.6,0.01,1.8230000000000003e-20
190,17,PACS70,68.9,21.41,0.78,4.8909999999999996e-17
190,19,PACS160,153.9,69.8,0.14,1.816e-18
176,19,PACS160,153.9,69.8,0.14,1.816e-18
176,20,SPIRE250,242.3,67.6,0.06,3.088e-19
176,21,SPIRE350,340.9,95.7,0.03,7.815000000000001e-20
176,22,SPIRE500,482.3,185.6,0.01,1.8230000000000003e-20
191,19,PACS160,153.9,69.8,0.14,1.816e-18
191,20,SPIRE250,242.3,67.6,0.06,3.088e-19
191,21,SPIRE350,340.9,95.7,0.03,7.815000000000001e-20
191,22,SPIRE500,482.3,185.6,0.01,1.8230000000000003e-20
101,19,PACS160,153.9,69.8,0.14,1.816e-18
101,20,SPIRE250,242.3,67.6,0.06,3.088e-19
101,21,SPIRE350,340.9,95.7,0.03,7.815000000000001e-20
101,22,SPIRE500,482.3,185.6,0.01,1.8230000000000003e-20
192,19,PACS160,153.9,69.8,0.14,1.816e-18
192,20,SPIRE250,242.3,67.6,0.06,3.088e-19
192,21,SPIRE350,340.9,95.7,0.03,7.815000000000001e-20
192,22,SPIRE500,482.3,185.6,0.01,1.8230000000000003e-20
94,17,PACS70,68.9,21.41,0.78,4.8909999999999996e-17
94,18,PACS100,97.9,31.29,0.38,1.1830000000000001e-17
94,19,PACS160,153.9,69.8,0.14,1.816e-18
94,20,SPIRE250,242.3,67.6,0.06,3.088e-19
94,21,SPIRE350,340.9,95.7,0.03,7.815000000000001e-20
94,22,SPIRE500,482.3,185.6,0.01,1.8230000000000003e-20
93,17,PACS70,68.9,21.41,0.78,4.8909999999999996e-17
93,18,PACS100,97.9,31.29,0.38,1.1830000000000001e-17
93,19,PACS160,153.9,69.8,0.14,1.816e-18
93,20,SPIRE250,242.3,67.6,0.06,3.088e-19
93,21,SPIRE350,340.9,95.7,0.03,7.815000000000001e-20
93,22,SPIRE500,482.3,185.6,0.01,1.8230000000000003e-20
92,17,PACS70,68.9,21.41,0.78,4.8909999999999996e-17
92,20,SPIRE250,242.3,67.6,0.06,3.088e-19
91,17,PACS70,68.9,21.41,0.78,4.8909999999999996e-17
91,19,PACS160,153.9,69.8,0.14,1.816e-18
91,20,SPIRE250,242.3,67.6,0.06,3.088e-19
90,17,PACS70,68.9,21.41,0.78,4.8909999999999996e-17
90,18,PACS100,97.9,31.29,0.38,1.1830000000000001e-17
90,19,PACS160,153.9,69.8,0.14,1.816e-18
90,20,SPIRE250,242.3,67.6,0.06,3.088e-19
90,21,SPIRE350,340.9,95.7,0.03,7.815000000000001e-20
89,17,PACS70,68.9,21.41,0.78,4.8909999999999996e-17
89,18,PACS100,97.9,31.29,0.38,1.1830000000000001e-17
89,20,SPIRE250,242.3,67.6,0.06,3.088e-19
88,17,PACS70,68.9,21.41,0.78,4.8909999999999996e-17
88,18,PACS100,97.9,31.29,0.38,1.1830000000000001e-17
88,19,PACS160,153.9,69.8,0.14,1.816e-18
88,20,SPIRE250,242.3,67.6,0.06,3.088e-19
86,19,PACS160,153.9,69.8,0.14,1.816e-18
86,20,SPIRE250,242.3,67.6,0.06,3.088e-19
86,21,SPIRE350,340.9,95.7,0.03,7.815000000000001e-20
83,17,PACS70,68.9,21.41,0.78,4.8909999999999996e-17
83,18,PACS100,97.9,31.29,0.38,1.1830000000000001e-17
83,19,PACS160,153.9,69.8,0.14,1.816e-18
83,20,SPIRE250,242.3,67.6,0.06,3.088e-19
82,17,PACS70,68.9,21.41,0.78,4.8909999999999996e-17
82,18,PACS100,97.9,31.29,0.38,1.1830000000000001e-17
82,19,PACS160,153.9,69.8,0.14,1.816e-18
82,20,SPIRE250,242.3,67.6,0.06,3.088e-19
82,21,SPIRE350,340.9,95.7,0.03,7.815000000000001e-20
82,22,SPIRE500,482.3,185.6,0.01,1.8230000000000003e-20
81,17,PACS70,68.9,21.41,0.78,4.8909999999999996e-17
81,18,PACS100,97.9,31.29,0.38,1.1830000000000001e-17
81,19,PACS160,153.9,69.8,0.14,1.816e-18
81,20,SPIRE250,242.3,67.6,0.06,3.088e-19
81,21,SPIRE350,340.9,95.7,0.03,7.815000000000001e-20
81,22,SPIRE500,482.3,185.6,0.01,1.8230000000000003e-20
80,17,PACS70,68.9,21.41,0.78,4.8909999999999996e-17
80,18,PACS100,97.9,31.29,0.38,1.1830000000000001e-17
80,19,PACS160,153.9,69.8,0.14,1.816e-18
80,20,SPIRE250,242.3,67.6,0.06,3.088e-19
80,21,SPIRE350,340.9,95.7,0.03,7.815000000000001e-20
79,17,PACS70,68.9,21.41,0.78,4.8909999999999996e-17
79,18,PACS100,97.9,31.29,0.38,1.1830000000000001e-17
79,19,PACS160,153.9,69.8,0.14,1.816e-18
79,20,SPIRE250,242.3,67.6,0.06,3.088e-19
79,21,SPIRE350,340.9,95.7,0.03,7.815000000000001e-20
79,22,SPIRE500,482.3,185.6,0.01,1.8230000000000003e-20
78,17,PACS70,68.9,21.41,0.78,4.8909999999999996e-17
78,19,PACS160,153.9,69.8,0.14,1.816e-18
78,20,SPIRE250,242.3,67.6,0.06,3.088e-19
70,17,PACS70,68.9,21.41,0.78,4.8909999999999996e-17
70,18,PACS100,97.9,31.29,0.38,1.1830000000000001e-17
70,19,PACS160,153.9,69.8,0.14,1.816e-18
70,20,SPIRE250,242.3,67.6,0.06,3.088e-19
66,20,SPIRE250,242.3,67.6,0.06,3.088e-19
65,17,PACS70,68.9,21.41,0.78,4.8909999999999996e-17
65,18,PACS100,97.9,31.29,0.38,1.1830000000000001e-17
65,20,SPIRE250,242.3,67.6,0.06,3.088e-19
65,21,SPIRE350,340.9,95.7,0.03,7.815000000000001e-20
57,17,PACS70,68.9,21.41,0.78,4.8909999999999996e-17
57,18,PACS100,97.9,31.29,0.38,1.1830000000000001e-17
57,19,PACS160,153.9,69.8,0.14,1.816e-18
57,20,SPIRE250,242.3,67.6,0.06,3.088e-19
57,21,SPIRE350,340.9,95.7,0.03,7.815000000000001e-20
56,17,PACS70,68.9,21.41,0.78,4.8909999999999996e-17
56,18,PACS100,97.9,31.29,0.38,1.1830000000000001e-17
56,19,PACS160,153.9,69.8,0.14,1.816e-18
56,20,SPIRE250,242.3,67.6,0.06,3.088e-19
56,21,SPIRE350,340.9,95.7,0.03,7.815000000000001e-20
56,22,SPIRE500,482.3,185.6,0.01,1.8230000000000003e-20
55,17,PACS70,68.9,21.41,0.78,4.8909999999999996e-17
55,18,PACS100,97.9,31.29,0.38,1.1830000000000001e-17
55,19,PACS160,153.9,69.8,0.14,1.816e-18
55,20,SPIRE250,242.3,67.6,0.06,3.088e-19
55,21,SPIRE350,340.9,95.7,0.03,7.815000000000001e-20
55,22,SPIRE500,482.3,185.6,0.01,1.8230000000000003e-20
54,17,PACS70,68.9,21.41,0.78,4.8909999999999996e-17
54,18,PACS100,97.9,31.29,0.38,1.1830000000000001e-17
54,19,PACS160,153.9,69.8,0.14,1.816e-18
54,20,SPIRE250,242.3,67.6,0.06,3.088e-19
53,17,PACS70,68.9,21.41,0.78,4.8909999999999996e-17
53,18,PACS100,97.9,31.29,0.38,1.1830000000000001e-17
53,19,PACS160,153.9,69.8,0.14,1.816e-18
53,20,SPIRE250,242.3,67.6,0.06,3.088e-19
53,21,SPIRE350,340.9,95.7,0.03,7.815000000000001e-20
52,17,PACS70,68.9,21.41,0.78,4.8909999999999996e-17
52,18,PACS100,97.9,31.29,0.38,1.1830000000000001e-17
52,19,PACS160,153.9,69.8,0.14,1.816e-18
52,20,SPIRE250,242.3,67.6,0.06,3.088e-19
52,21,SPIRE350,340.9,95.7,0.03,7.815000000000001e-20
52,22,SPIRE500,482.3,185.6,0.01,1.8230000000000003e-20
44,17,PACS70,68.9,21.41,0.78,4.8909999999999996e-17
44,19,PACS160,153.9,69.8,0.14,1.816e-18
44,20,SPIRE250,242.3,67.6,0.06,3.088e-19
44,21,SPIRE350,340.9,95.7,0.03,7.815000000000001e-20
44,22,SPIRE500,482.3,185.6,0.01,1.8230000000000003e-20
196,17,PACS70,68.9,21.41,0.78,4.8909999999999996e-17
196,18,PACS100,97.9,31.29,0.38,1.1830000000000001e-17
196,19,PACS160,153.9,69.8,0.14,1.816e-18
197,17,PACS70,68.9,21.41,0.78,4.8909999999999996e-17
197,18,PACS100,97.9,31.29,0.38,1.1830000000000001e-17
197,19,PACS160,153.9,69.8,0.14,1.816e-18
197,20,SPIRE250,242.3,67.6,0.06,3.088e-19
198,17,PACS70,68.9,21.41,0.78,4.8909999999999996e-17
198,19,PACS160,153.9,69.8,0.14,1.816e-18
199,17,PACS70,68.9,21.41,0.78,4.8909999999999996e-17
199,19,PACS160,153.9,69.8,0.14,1.816e-18
199,20,SPIRE250,242.3,67.6,0.06,3.088e-19
199,21,SPIRE350,340.9,95.7,0.03,7.815000000000001e-20
199,22,SPIRE500,482.3,185.6,0.01,1.8230000000000003e-20
200,17,PACS70,68.9,21.41,0.78,4.8909999999999996e-17
200,19,PACS160,153.9,69.8,0.14,1.816e-18
201,17,PACS70,68.9,21.41,0.78,4.8909999999999996e-17
201,19,PACS160,153.9,69.8,0.14,1.816e-18
202,17,PACS70,68.9,21.41,0.78,4.8909999999999996e-17
202,19,PACS160,153.9,69.8,0.14,1.816e-18
205,17,PACS70,68.9,21.41,0.78,4.8909999999999996e-17
205,19,PACS160,153.9,69.8,0.14,1.816e-18
205,20,SPIRE250,242.3,67.6,0.06,3.088e-19
205,21,SPIRE350,340.9,95.7,0.03,7.815000000000001e-20
205,22,SPIRE500,482.3,185.6,0.01,1.8230000000000003e-20
117,17,PACS70,68.9,21.41,0.78,4.8909999999999996e-17
117,19,PACS160,153.9,69.8,0.14,1.816e-18
117,20,SPIRE250,242.3,67.6,0.06,3.088e-19
117,21,SPIRE350,340.9,95.7,0.03,7.815000000000001e-20
117,22,SPIRE500,482.3,185.6,0.01,1.8230000000000003e-20
300,17,PACS70,68.9,21.41,0.78,4.8909999999999996e-17
300,18,PACS100,97.9,31.29,0.38,1.1830000000000001e-17
300,19,PACS160,153.9,69.8,0.14,1.816e-18
301,17,PACS70,68.9,21.41,0.78,4.8909999999999996e-17
301,18,PACS100,97.9,31.29,0.38,1.1830000000000001e-17
301,19,PACS160,153.9,69.8,0.14,1.816e-18
317,17,PACS70,68.9,21.41,0.78,4.8909999999999996e-17
317,18,PACS100,97.9,31.29,0.38,1.1830000000000001e-17
317,19,PACS160,153.9,69.8,0.14,1.816e-18
317,20,SPIRE250,242.3,67.6,0.06,3.088e-19
317,21,SPIRE350,340.9,95.7,0.03,7.815000000000001e-20
317,22,SPIRE500,482.3,185.6,0.01,1.8230000000000003e-20
193,17,PACS70,68.9,21.41,0.78,4.8909999999999996e-17
193,19,PACS160,153.9,69.8,0.14,1.816e-18
193,20,SPIRE250,242.3,67.6,0.06,3.088e-19
193,22,SPIRE500,482.3,185.6,0.01,1.8230000000000003e-20
319,17,PACS70,68.9,21.41,0.78,4.8909999999999996e-17
319,18,PACS100,97.9,31.29,0.38,1.1830000000000001e-17
319,19,PACS160,153.9,69.8,0.14,1.816e-18
319,20,SPIRE250,242.3,67.6,0.06,3.088e-19
319,21,SPIRE350,340.9,95.7,0.03,7.815000000000001e-20
319,22,SPIRE500,482.3,185.6,0.01,1.8230000000000003e-20
320,18,PACS100,97.9,31.29,0.38,1.1830000000000001e-17
320,19,PACS160,153.9,69.8,0.14,1.816e-18
320,20,SPIRE250,242.3,67.6,0.06,3.088e-19
320,21,SPIRE350,340.9,95.7,0.03,7.815000000000001e-20
320,22,SPIRE500,482.3,185.6,0.01,1.8230000000000003e-20
321,17,PACS70,68.9,21.41,0.78,4.8909999999999996e-17
321,18,PACS100,97.9,31.29,0.38,1.1830000000000001e-17
321,20,SPIRE250,242.3,67.6,0.06,3.088e-19
321,21,SPIRE350,340.9,95.7,0.03,7.815000000000001e-20
321,22,SPIRE500,482.3,185.6,0.01,1.8230000000000003e-20
322,18,PACS100,97.9,31.29,0.38,1.1830000000000001e-17
324,18,PACS100,97.9,31.29,0.38,1.1830000000000001e-17
324,20,SPIRE250,242.3,67.6,0.06,3.088e-19
324,21,SPIRE350,340.9,95.7,0.03,7.815000000000001e-20
324,22,SPIRE500,482.3,185.6,0.01,1.8230000000000003e-20
325,17,PACS70,68.9,21.41,0.78,4.8909999999999996e-17
326,17,PACS70,68.9,21.41,0.78,4.8909999999999996e-17
327,17,PACS70,68.9,21.41,0.78,4.8909999999999996e-17
327,18,PACS100,97.9,31.29,0.38,1.1830000000000001e-17
327,20,SPIRE250,242.3,67.6,0.06,3.088e-19
3,4,JWIRCAM,1.25,0.15,1551.01,2.93e-10
3,5,HWIRCAM,1.62,0.28,1044.35,1.173e-10
3,6,KsWIRCAM,2.13,0.32,674.62,4.34e-11
35,7,J2MASS,1.23,0.16,1582.23,3.143e-10
35,8,H2MASS,1.64,0.25,1024.74,1.144e-10
35,9,Ks2MASS,2.15,0.26,665.21,4.306e-11
38,9,Ks2MASS,2.15,0.26,665.21,4.306e-11
142,7,J2MASS,1.23,0.16,1582.23,3.143e-10
142,8,H2MASS,1.64,0.25,1024.74,1.144e-10
142,9,Ks2MASS,2.15,0.26,665.21,4.306e-11
97,26,JOMEGA2000,1.19,0.23,1636.89,3.4371600000000005e-10
97,27,HOMEGA2000,1.63,0.25,1027.59,1.1513200000000001e-10
97,28,KsOMEGA2000,2.13,0.27,678.77,4.39e-11
0,7,J2MASS,1.23,0.16,1582.23,3.143e-10
0,8,H2MASS,1.64,0.25,1024.74,1.144e-10
0,9,Ks2MASS,2.15,0.26,665.21,4.306e-11
4,7,J2MASS,1.23,0.16,1582.23,3.143e-10
4,8,H2MASS,1.64,0.25,1024.74,1.144e-10
4,9,Ks2MASS,2.15,0.26,665.21,4.306e-11
10,7,J2MASS,1.23,0.16,1582.23,3.143e-10
10,8,H2MASS,1.64,0.25,1024.74,1.144e-10
10,9,Ks2MASS,2.15,0.26,665.21,4.306e-11
14,7,J2MASS,1.23,0.16,1582.23,3.143e-10
14,8,H2MASS,1.64,0.25,1024.74,1.144e-10
14,9,Ks2MASS,2.15,0.26,665.21,4.306e-11
186,7,J2MASS,1.23,0.16,1582.23,3.143e-10
186,9,Ks2MASS,2.15,0.26,665.21,4.306e-11
189,7,J2MASS,1.23,0.16,1582.23,3.143e-10
189,9,Ks2MASS,2.15,0.26,665.21,4.306e-11
190,7,J2MASS,1.23,0.16,1582.23,3.143e-10
190,9,Ks2MASS,2.15,0.26,665.21,4.306e-11
16,7,J2MASS,1.23,0.16,1582.23,3.143e-10
16,8,H2MASS,1.64,0.25,1024.74,1.144e-10
16,9,Ks2MASS,2.15,0.26,665.21,4.306e-11
17,7,J2MASS,1.23,0.16,1582.23,3.143e-10
17,8,H2MASS,1.64,0.25,1024.74,1.144e-10
17,9,Ks2MASS,2.15,0.26,665.21,4.306e-11
18,7,J2MASS,1.23,0.16,1582.23,3.143e-10
18,8,H2MASS,1.64,0.25,1024.74,1.144e-10
18,9,Ks2MASS,2.15,0.26,665.21,4.306e-11
19,7,J2MASS,1.23,0.16,1582.23,3.143e-10
19,8,H2MASS,1.64,0.25,1024.74,1.144e-10
19,9,Ks2MASS,2.15,0.26,665.21,4.306e-11
26,7,J2MASS,1.23,0.16,1582.23,3.143e-10
26,8,H2MASS,1.64,0.25,1024.74,1.144e-10
26,9,Ks2MASS,2.15,0.26,665.21,4.306e-11
28,7,J2MASS,1.23,0.16,1582.23,3.143e-10
28,8,H2MASS,1.64,0.25,1024.74,1.144e-10
28,9,Ks2MASS,2.15,0.26,665.21,4.306e-11
29,7,J2MASS,1.23,0.16,1582.23,3.143e-10
29,8,H2MASS,1.64,0.25,1024.74,1.144e-10
29,9,Ks2MASS,2.15,0.26,665.21,4.306e-11
30,7,J2MASS,1.23,0.16,1582.23,3.143e-10
30,8,H2MASS,1.64,0.25,1024.74,1.144e-10
30,9,Ks2MASS,2.15,0.26,665.21,4.306e-11
37,7,J2MASS,1.23,0.16,1582.23,3.143e-10
37,8,H2MASS,1.64,0.25,1024.74,1.144e-10
37,9,Ks2MASS,2.15,0.26,665.21,4.306e-11
39,7,J2MASS,1.23,0.16,1582.23,3.143e-10
39,8,H2MASS,1.64,0.25,1024.74,1.144e-10
39,9,Ks2MASS,2.15,0.26,665.21,4.306e-11
40,7,J2MASS,1.23,0.16,1582.23,3.143e-10
40,8,H2MASS,1.64,0.25,1024.74,1.144e-10
40,9,Ks2MASS,2.15,0.26,665.21,4.306e-11
42,7,J2MASS,1.23,0.16,1582.23,3.143e-10
42,8,H2MASS,1.64,0.25,1024.74,1.144e-10
42,9,Ks2MASS,2.15,0.26,665.21,4.306e-11
46,7,J2MASS,1.23,0.16,1582.23,3.143e-10
46,8,H2MASS,1.64,0.25,1024.74,1.144e-10
46,9,Ks2MASS,2.15,0.26,665.21,4.306e-11
47,7,J2MASS,1.23,0.16,1582.23,3.143e-10
47,8,H2MASS,1.64,0.25,1024.74,1.144e-10
47,9,Ks2MASS,2.15,0.26,665.21,4.306e-11
58,7,J2MASS,1.23,0.16,1582.23,3.143e-10
58,8,H2MASS,1.64,0.25,1024.74,1.144e-10
58,9,Ks2MASS,2.15,0.26,665.21,4.306e-11
59,7,J2MASS,1.23,0.16,1582.23,3.143e-10
59,8,H2MASS,1.64,0.25,1024.74,1.144e-10
59,9,Ks2MASS,2.15,0.26,665.21,4.306e-11
62,7,J2MASS,1.23,0.16,1582.23,3.143e-10
62,8,H2MASS,1.64,0.25,1024.74,1.144e-10
62,9,Ks2MASS,2.15,0.26,665.21,4.306e-11
63,7,J2MASS,1.23,0.16,1582.23,3.143e-10
63,8,H2MASS,1.64,0.25,1024.74,1.144e-10
63,9,Ks2MASS,2.15,0.26,665.21,4.306e-11
84,7,J2MASS,1.23,0.16,1582.23,3.143e-10
84,8,H2MASS,1.64,0.25,1024.74,1.144e-10
84,9,Ks2MASS,2.15,0.26,665.21,4.306e-11
68,7,J2MASS,1.23,0.16,1582.23,3.143e-10
68,8,H2MASS,1.64,0.25,1024.74,1.144e-10
68,9,Ks2MASS,2.15,0.26,665.21,4.306e-11
73,7,J2MASS,1.23,0.16,1582.23,3.143e-10
73,8,H2MASS,1.64,0.25,1024.74,1.144e-10
73,9,Ks2MASS,2.15,0.26,665.21,4.306e-11
75,7,J2MASS,1.23,0.16,1582.23,3.143e-10
75,8,H2MASS,1.64,0.25,1024.74,1.144e-10
75,9,Ks2MASS,2.15,0.26,665.21,4.306e-11
76,7,J2MASS,1.23,0.16,1582.23,3.143e-10
76,8,H2MASS,1.64,0.25,1024.74,1.144e-10
76,9,Ks2MASS,2.15,0.26,665.21,4.306e-11
7,7,J2MASS,1.23,0.16,1582.23,3.143e-10
7,8,H2MASS,1.64,0.25,1024.74,1.144e-10
7,9,Ks2MASS,2.15,0.26,665.21,4.306e-11
167,7,J2MASS,1.23,0.16,1582.23,3.143e-10
167,8,H2MASS,1.64,0.25,1024.74,1.144e-10
167,9,Ks2MASS,2.15,0.26,665.21,4.306e-11
162,7,J2MASS,1.23,0.16,1582.23,3.143e-10
162,8,H2MASS,1.64,0.25,1024.74,1.144e-10
162,9,Ks2MASS,2.15,0.26,665.21,4.306e-11
164,7,J2MASS,1.23,0.16,1582.23,3.143e-10
164,8,H2MASS,1.64,0.25,1024.74,1.144e-10
164,9,Ks2MASS,2.15,0.26,665.21,4.306e-11
171,7,J2MASS,1.23,0.16,1582.23,3.143e-10
171,8,H2MASS,1.64,0.25,1024.74,1.144e-10
171,9,Ks2MASS,2.15,0.26,665.21,4.306e-11
172,31,JUKIDSS,1.25,0.14,1534.75,2.9399999999999997e-10
172,32,KUKIDSS,2.19,0.31,632.56,3.99258e-11
101,26,JOMEGA2000,1.19,0.23,1636.89,3.4371600000000005e-10
101,27,HOMEGA2000,1.63,0.25,1027.59,1.1513200000000001e-10
101,28,KsOMEGA2000,2.13,0.27,678.77,4.39e-11
94,7,J2MASS,1.23,0.16,1582.23,3.143e-10
94,8,H2MASS,1.64,0.25,1024.74,1.144e-10
94,9,Ks2MASS,2.15,0.26,665.21,4.306e-11
90,7,J2MASS,1.23,0.16,1582.23,3.143e-10
90,8,H2MASS,1.64,0.25,1024.74,1.144e-10
90,9,Ks2MASS,2.15,0.26,665.21,4.306e-11
89,7,J2MASS,1.23,0.16,1582.23,3.143e-10
89,8,H2MASS,1.64,0.25,1024.74,1.144e-10
89,9,Ks2MASS,2.15,0.26,665.21,4.306e-11
88,7,J2MASS,1.23,0.16,1582.23,3.143e-10
88,8,H2MASS,1.64,0.25,1024.74,1.144e-10
88,9,Ks2MASS,2.15,0.26,665.21,4.306e-11
55,7,J2MASS,1.23,0.16,1582.23,3.143e-10
55,8,H2MASS,1.64,0.25,1024.74,1.144e-10
55,9,Ks2MASS,2.15,0.26,665.21,4.306e-11
53,7,J2MASS,1.23,0.16,1582.23,3.143e-10
53,8,H2MASS,1.64,0.25,1024.74,1.144e-10
53,9,Ks2MASS,2.15,0.26,665.21,4.306e-11
193,7,J2MASS,1.23,0.16,1582.23,3.143e-10
193,8,H2MASS,1.64,0.25,1024.74,1.144e-10
193,9,Ks2MASS,2.15,0.26,665.21,4.306e-11
194,7,J2MASS,1.23,0.16,1582.23,3.143e-10
194,8,H2MASS,1.64,0.25,1024.74,1.144e-10
194,9,Ks2MASS,2.15,0.26,665.21,4.306e-11
198,7,J2MASS,1.23,0.16,1582.23,3.143e-10
198,8,H2MASS,1.64,0.25,1024.74,1.144e-10
198,9,Ks2MASS,2.15,0.26,665.21,4.306e-11
199,7,J2MASS,1.23,0.16,1582.23,3.143e-10
199,8,H2MASS,1.64,0.25,1024.74,1.144e-10
199,9,Ks2MASS,2.15,0.26,665.21,4.306e-11
200,7,J2MASS,1.23,0.16,1582.23,3.143e-10
200,8,H2MASS,1.64,0.25,1024.74,1.144e-10
200,9,Ks2MASS,2.15,0.26,665.21,4.306e-11
201,7,J2MASS,1.23,0.16,1582.23,3.143e-10
201,8,H2MASS,1.64,0.25,1024.74,1.144e-10
201,9,Ks2MASS,2.15,0.26,665.21,4.306e-11
202,41,SQIID-J,1.23,0.32,1603.9,3.1694099999999995e-10
202,42,SQIID-H,1.64,0.28,1014.83,1.1316e-10
202,43,SQIID-K,2.2,0.57,656.62,4.1666e-11
204,44,F160W,1.59,0.31,1063.3,1.2659299999999997e-10
204,45,F205W,2.03,0.42,711.03,5.18108e-11
206,7,J2MASS,1.23,0.16,1582.23,3.143e-10
206,8,H2MASS,1.64,0.25,1024.74,1.144e-10
206,9,Ks2MASS,2.15,0.26,665.21,4.306e-11
207,7,J2MASS,1.23,0.16,1582.23,3.143e-10
207,8,H2MASS,1.64,0.25,1024.74,1.144e-10
207,9,Ks2MASS,2.15,0.26,665.21,4.306e-11
301,7,J2MASS,1.23,0.16,1582.23,3.143e-10
301,8,H2MASS,1.64,0.25,1024.74,1.144e-10
301,9,Ks2MASS,2.15,0.26,665.21,4.306e-11
313,7,J2MASS,1.23,0.16,1582.23,3.143e-10
313,8,H2MASS,1.64,0.25,1024.74,1.144e-10
313,9,Ks2MASS,2.15,0.26,665.21,4.306e-11
314,7,J2MASS,1.23,0.16,1582.23,3.143e-10
314,8,H2MASS,1.64,0.25,1024.74,1.144e-10
314,9,Ks2MASS,2.15,0.26,665.21,4.306e-11
315,7,J2MASS,1.23,0.16,1582.23,3.143e-10
315,8,H2MASS,1.64,0.25,1024.74,1.144e-10
315,9,Ks2MASS,2.15,0.26,665.21,4.306e-11
316,7,J2MASS,1.23,0.16,1582.23,3.143e-10
316,8,H2MASS,1.64,0.25,1024.74,1.144e-10
316,9,Ks2MASS,2.15,0.26,665.21,4.306e-11
317,7,J2MASS,1.23,0.16,1582.23,3.143e-10
317,8,H2MASS,1.64,0.25,1024.74,1.144e-10
317,9,Ks2MASS,2.15,0.26,665.21,4.306e-11
321,7,J2MASS,1.23,0.16,1582.23,3.143e-10
321,8,H2MASS,1.64,0.25,1024.74,1.144e-10
321,9,Ks2MASS,2.15,0.26,665.21,4.306e-11
323,7,J2MASS,1.23,0.16,1582.23,3.143e-10
323,8,H2MASS,1.64,0.25,1024.74,1.144e-10
323,9,Ks2MASS,2.15,0.26,665.21,4.306e-11
324,7,J2MASS,1.23,0.16,1582.23,3.143e-10
324,8,H2MASS,1.64,0.25,1024.74,1.144e-10
324,9,Ks2MASS,2.15,0.26,665.21,4.306e-11
325,9,Ks2MASS,2.15,0.26,665.21,4.306e-11
326,9,Ks2MASS,2.15,0.26,665.21,4.306e-11
327,7,J2MASS,1.23,0.16,1582.23,3.143e-10
327,8,H2MASS,1.64,0.25,1024.74,1.144e-10
327,9,Ks2MASS,2.15,0.26,665.21,4.306e-11
